-- MySQL dump 10.13  Distrib 8.0.36, for Win64 (x86_64)
--
-- Host: localhost    Database: manga_app
-- ------------------------------------------------------
-- Server version	8.0.37

/*!40101 SET @OLD_CHARACTER_SET_CLIENT=@@CHARACTER_SET_CLIENT */;
/*!40101 SET @OLD_CHARACTER_SET_RESULTS=@@CHARACTER_SET_RESULTS */;
/*!40101 SET @OLD_COLLATION_CONNECTION=@@COLLATION_CONNECTION */;
/*!50503 SET NAMES utf8 */;
/*!40103 SET @OLD_TIME_ZONE=@@TIME_ZONE */;
/*!40103 SET TIME_ZONE='+00:00' */;
/*!40014 SET @OLD_UNIQUE_CHECKS=@@UNIQUE_CHECKS, UNIQUE_CHECKS=0 */;
/*!40014 SET @OLD_FOREIGN_KEY_CHECKS=@@FOREIGN_KEY_CHECKS, FOREIGN_KEY_CHECKS=0 */;
/*!40101 SET @OLD_SQL_MODE=@@SQL_MODE, SQL_MODE='NO_AUTO_VALUE_ON_ZERO' */;
/*!40111 SET @OLD_SQL_NOTES=@@SQL_NOTES, SQL_NOTES=0 */;

--
-- Table structure for table `authors`
--

DROP TABLE IF EXISTS `authors`;
/*!40101 SET @saved_cs_client     = @@character_set_client */;
/*!50503 SET character_set_client = utf8mb4 */;
CREATE TABLE `authors` (
  `AuthorId` int NOT NULL AUTO_INCREMENT,
  `AuthorName` varchar(255) NOT NULL,
  `Avatar` varchar(255) DEFAULT NULL,
  `Biography` text,
  `UpdateDate` timestamp NULL DEFAULT CURRENT_TIMESTAMP ON UPDATE CURRENT_TIMESTAMP,
  PRIMARY KEY (`AuthorId`)
) ENGINE=InnoDB AUTO_INCREMENT=31 DEFAULT CHARSET=utf8mb4 COLLATE=utf8mb4_0900_ai_ci;
/*!40101 SET character_set_client = @saved_cs_client */;

--
-- Dumping data for table `authors`
--

LOCK TABLES `authors` WRITE;
/*!40000 ALTER TABLE `authors` DISABLE KEYS */;
INSERT INTO `authors` VALUES (1,'Miura Kouji','https://storage.googleapis.com/storage-manga-cloud.appspot.com/author_avatar/173088088280371NOw8lJ-4L.jpg','Biography of Miura Kouji','2024-11-06 08:14:44'),(3,'Aizawa Daisuke','https://storage.googleapis.com/storage-manga-cloud.appspot.com/author_avatar/1730880855566Eminence_in_Shadow_S2_anime_medium.webp','Biography of Aizawa Daisuke','2024-11-06 08:14:16'),(4,'Sakano Anri','https://storage.googleapis.com/storage-manga-cloud.appspot.com/author_avatar/1730880765569sakano_anri_62151.webp','Biography of Sakano Anri','2024-11-06 08:12:46'),(5,'Yamada Kanehito','https://storage.googleapis.com/storage-manga-cloud.appspot.com/author_avatar/1730880729401AVT_Kanehito-Yamada_6374.webp','Biography of Yamada Kanehito','2024-11-06 08:12:10'),(6,'Abe Tsukasa','https://storage.googleapis.com/storage-manga-cloud.appspot.com/author_avatar/1730880701236Abe_Tsukasa.webp','Biography of Tsukasa','2024-11-06 08:11:44'),(12,'Oshioshio','https://storage.googleapis.com/storage-manga-cloud.appspot.com/author_avatar/1730880974153aaf7a8b5-d0dd-4032-976f-9a1d3610a5d0.jpeg','Tác giả bộ truyện Shikanoko Nokonoko Koshitantan','2024-11-06 08:16:16'),(15,'Mishima Yomu','','','2024-11-06 09:24:36'),(16,'Odoro Tanuki','','','2024-11-06 08:17:53'),(17,'Shiosato Jun','','','2024-11-07 06:59:17'),(18,'Sansan Sun','','','2024-11-06 08:18:44'),(19,'Tenamachi Saho','','','2024-11-06 08:18:54'),(20,'Amamori Takibi','','','2024-11-06 08:19:37'),(21,'Itachi','','','2024-11-07 06:59:17'),(28,'Obito','','','2024-12-21 00:58:22'),(29,'Sasuka','https://storage.googleapis.com/storage-manga-cloud.appspot.com/author_avatar/1734833649021cuoc-phieu-luu-cua-be-sui_1660280592.jpg','Thông tin tác giả','2024-12-22 02:14:09');
/*!40000 ALTER TABLE `authors` ENABLE KEYS */;
UNLOCK TABLES;

--
-- Table structure for table `chapter_images`
--

DROP TABLE IF EXISTS `chapter_images`;
/*!40101 SET @saved_cs_client     = @@character_set_client */;
/*!50503 SET character_set_client = utf8mb4 */;
CREATE TABLE `chapter_images` (
  `PageId` int NOT NULL AUTO_INCREMENT,
  `PageNumber` int NOT NULL,
  `ImageUrl` varchar(255) NOT NULL,
  `ChapterId` int NOT NULL,
  PRIMARY KEY (`PageId`),
  KEY `ChapterId` (`ChapterId`),
  CONSTRAINT `chapter_images_ibfk_1` FOREIGN KEY (`ChapterId`) REFERENCES `chapters` (`ChapterId`) ON DELETE CASCADE ON UPDATE CASCADE
) ENGINE=InnoDB AUTO_INCREMENT=103 DEFAULT CHARSET=utf8mb4 COLLATE=utf8mb4_0900_ai_ci;
/*!40101 SET character_set_client = @saved_cs_client */;

--
-- Dumping data for table `chapter_images`
--

LOCK TABLES `chapter_images` WRITE;
/*!40000 ALTER TABLE `chapter_images` DISABLE KEYS */;
INSERT INTO `chapter_images` VALUES (25,1,'https://storage.googleapis.com/storage-manga-cloud.appspot.com/chapter_image/565e6dcd9628d4413a5a93c2237f055f',62),(26,2,'https://storage.googleapis.com/storage-manga-cloud.appspot.com/chapter_image/6797ef6f28af53824acf2f99fc862caf',62),(27,3,'https://storage.googleapis.com/storage-manga-cloud.appspot.com/chapter_image/971dea40530da14d4e3a854585f74326',62),(28,4,'https://storage.googleapis.com/storage-manga-cloud.appspot.com/chapter_image/c7cac6b7c439e3f76459953589c25986',62),(29,1,'https://storage.googleapis.com/storage-manga-cloud.appspot.com/chapter_image/070301c9beb9499ba03872f59bccda63',63),(30,2,'https://storage.googleapis.com/storage-manga-cloud.appspot.com/chapter_image/413b0dd2c1fc5488e6757624b81e4704',63),(31,3,'https://storage.googleapis.com/storage-manga-cloud.appspot.com/chapter_image/9aa34d5df6246a99a63d3152a4590f9f',63),(32,4,'https://storage.googleapis.com/storage-manga-cloud.appspot.com/chapter_image/b0828747e2a17267f01b11fc4eb894e2',63),(33,1,'https://storage.googleapis.com/storage-manga-cloud.appspot.com/chapter_image/79112525d8ac702ca2478e05e23ad9ee',64),(34,2,'https://storage.googleapis.com/storage-manga-cloud.appspot.com/chapter_image/cea83eb10e8fdcf3da3ea1034d108b7d',64),(35,3,'https://storage.googleapis.com/storage-manga-cloud.appspot.com/chapter_image/6bdfa9b4eb20bd2956e4c5d76eb647fe',64),(36,1,'https://storage.googleapis.com/storage-manga-cloud.appspot.com/chapter_image/45fcbd3f741390e06f384595331df18e',65),(37,2,'https://storage.googleapis.com/storage-manga-cloud.appspot.com/chapter_image/bcd561c211ee623df521068f0f15b263',65),(38,3,'https://storage.googleapis.com/storage-manga-cloud.appspot.com/chapter_image/d886ace406dd503a85103062bfa4d993',65),(39,4,'https://storage.googleapis.com/storage-manga-cloud.appspot.com/chapter_image/8f14704ee84a16c12ac4e981fa830dcf',65),(40,1,'https://storage.googleapis.com/storage-manga-cloud.appspot.com/chapter_image/a53cd5cf4cfc9d4ffbc4b91279cf6a3d',66),(41,2,'https://storage.googleapis.com/storage-manga-cloud.appspot.com/chapter_image/c293bf9ff5c6cb14bce16e415ad247d4',66),(42,3,'https://storage.googleapis.com/storage-manga-cloud.appspot.com/chapter_image/a2d15c2b6460fbf78e393cb8375941c0',66),(43,1,'https://storage.googleapis.com/storage-manga-cloud.appspot.com/chapter_image/57898a32a448175954937dedabfa7824',67),(44,2,'https://storage.googleapis.com/storage-manga-cloud.appspot.com/chapter_image/5b3e6cbfb254d2628ec68d8bf5bbfbc9',67),(45,3,'https://storage.googleapis.com/storage-manga-cloud.appspot.com/chapter_image/b86a7a77e99f1606e6b2e59692396ca6',67),(46,1,'https://storage.googleapis.com/storage-manga-cloud.appspot.com/chapter_image/1f3634453febfa854499218e93ef11cd',68),(47,2,'https://storage.googleapis.com/storage-manga-cloud.appspot.com/chapter_image/e11cd8c20ae990e97cc21db47b6232e8',68),(48,3,'https://storage.googleapis.com/storage-manga-cloud.appspot.com/chapter_image/1609aa1fb890c852e2914880ced45e44',68),(49,4,'https://storage.googleapis.com/storage-manga-cloud.appspot.com/chapter_image/0c082512a32995cdd1b10d23f30239d7',68),(50,5,'https://storage.googleapis.com/storage-manga-cloud.appspot.com/chapter_image/1e592f571fc3ac7eb7c9d9587f347d0a',68),(51,6,'https://storage.googleapis.com/storage-manga-cloud.appspot.com/chapter_image/e1f15c6c93be51a365a8d45b63a2b15d',68),(52,7,'https://storage.googleapis.com/storage-manga-cloud.appspot.com/chapter_image/5d9d5cc1735349e653644392f6f95374',68),(53,8,'https://storage.googleapis.com/storage-manga-cloud.appspot.com/chapter_image/49e2417126aaf9af416f27726a1fbf19',68),(54,9,'https://storage.googleapis.com/storage-manga-cloud.appspot.com/chapter_image/00a26e0eece4a5ff6cea22c5c640e493',68),(55,10,'https://storage.googleapis.com/storage-manga-cloud.appspot.com/chapter_image/22648fdb8f413197cd9b9b1cc0d59e00',68),(56,11,'https://storage.googleapis.com/storage-manga-cloud.appspot.com/chapter_image/21c37c58ba43e139643b2703c54d9609',68),(57,12,'https://storage.googleapis.com/storage-manga-cloud.appspot.com/chapter_image/db5844e48022abba2eb0af46aeca50c4',68),(58,13,'https://storage.googleapis.com/storage-manga-cloud.appspot.com/chapter_image/4d67c2424538e7c51b2002d7b2002a68',68),(59,14,'https://storage.googleapis.com/storage-manga-cloud.appspot.com/chapter_image/434e6319c948e71899316c2f495265af',68),(60,15,'https://storage.googleapis.com/storage-manga-cloud.appspot.com/chapter_image/def34cb1fb526d990f89c20004ad66bd',68),(61,16,'https://storage.googleapis.com/storage-manga-cloud.appspot.com/chapter_image/d66183ee717869f87c996b67f4488bf7',68),(62,17,'https://storage.googleapis.com/storage-manga-cloud.appspot.com/chapter_image/5d4e4d29a498748e439cbe982690cd70',68),(63,18,'https://storage.googleapis.com/storage-manga-cloud.appspot.com/chapter_image/33f50b3ba27ead2e02ebb09e61ca9129',68),(64,19,'https://storage.googleapis.com/storage-manga-cloud.appspot.com/chapter_image/f5b1514f9c188aa4467d0837d67ac1a0',68),(65,20,'https://storage.googleapis.com/storage-manga-cloud.appspot.com/chapter_image/129dc70c4f902f14bc918caeec10a973',68),(66,21,'https://storage.googleapis.com/storage-manga-cloud.appspot.com/chapter_image/10e290f6f3666f3ba755c40dfcdb81c4',68),(67,1,'https://storage.googleapis.com/storage-manga-cloud.appspot.com/chapter_image/40aeedf6e5212aecd55a8cb8eb96b719',69),(68,2,'https://storage.googleapis.com/storage-manga-cloud.appspot.com/chapter_image/5998055d42161e6899afe21c43633cf6',69),(69,3,'https://storage.googleapis.com/storage-manga-cloud.appspot.com/chapter_image/0da6e29e8c06f09b311fcf5b76258de4',69),(70,1,'https://storage.googleapis.com/storage-manga-cloud.appspot.com/chapter_image/4c5036b5402a5f325039cc9c165d433a',70),(71,2,'https://storage.googleapis.com/storage-manga-cloud.appspot.com/chapter_image/e6b71bc0165a5f103699ac7fad1824e4',70),(72,3,'https://storage.googleapis.com/storage-manga-cloud.appspot.com/chapter_image/cf5bb2b7dfa71fa25a404e8584c89537',70),(73,1,'https://storage.googleapis.com/storage-manga-cloud.appspot.com/chapter_image/c2bce29abb2a02188c9d94aaacc0c16c',71),(74,2,'https://storage.googleapis.com/storage-manga-cloud.appspot.com/chapter_image/cb4d56d57e292f292fca9b5480c8d458',71),(75,3,'https://storage.googleapis.com/storage-manga-cloud.appspot.com/chapter_image/f5571cd2210ad99a54e149f3efb67cb4',71),(76,1,'https://storage.googleapis.com/storage-manga-cloud.appspot.com/chapter_image/7bff3729eb7aa3969deff07a77968ca9',72),(77,2,'https://storage.googleapis.com/storage-manga-cloud.appspot.com/chapter_image/69afa067e81a398d37986aeea1eb036c',72),(78,1,'https://storage.googleapis.com/storage-manga-cloud.appspot.com/chapter_image/b656a155c67cc3db7eb603b3490984b3',73),(79,1,'https://storage.googleapis.com/storage-manga-cloud.appspot.com/chapter_image/e34442707277ee080a6bfb5121ef301c',74),(80,2,'https://storage.googleapis.com/storage-manga-cloud.appspot.com/chapter_image/3544b917ccb8474689b10ba52e43dcff',74),(82,1,'https://storage.googleapis.com/storage-manga-cloud.appspot.com/chapter_image/0f94e3d03969c79c95046199244f3551',76),(83,1,'https://storage.googleapis.com/storage-manga-cloud.appspot.com/chapter_image/ea3bdf65261f59b1846effb96df813d5',77),(84,2,'https://storage.googleapis.com/storage-manga-cloud.appspot.com/chapter_image/ddfff526d02d1b4d4d59b2eb4a39898b',77),(85,3,'https://storage.googleapis.com/storage-manga-cloud.appspot.com/chapter_image/b0adb81078c5daf54cf0a1174ad2fe32',77),(86,1,'https://storage.googleapis.com/storage-manga-cloud.appspot.com/chapter_image/664793584a65914c3c031075f746698d',79),(87,1,'https://storage.googleapis.com/storage-manga-cloud.appspot.com/chapter_image/2e94d352b07192a33d8e41d4aa1ade7e',81),(88,2,'https://storage.googleapis.com/storage-manga-cloud.appspot.com/chapter_image/f0dcb8dd048383018328525e72466e45',81),(89,1,'https://storage.googleapis.com/storage-manga-cloud.appspot.com/chapter_image/3f461f3aba6e3e2eeba6d17db79d8eb6',82),(90,2,'https://storage.googleapis.com/storage-manga-cloud.appspot.com/chapter_image/671462b8b7fea826ec5356c20d35b498',82),(91,3,'https://storage.googleapis.com/storage-manga-cloud.appspot.com/chapter_image/c6b821bcd1b09586ff0f65db7ba8bb11',82),(92,1,'https://storage.googleapis.com/storage-manga-cloud.appspot.com/chapter_image/142a6baa0f8f60bedc4a2a7a36ca8cee',83),(93,2,'https://storage.googleapis.com/storage-manga-cloud.appspot.com/chapter_image/479be64304d32e175680fa21adb3348e',83),(94,1,'https://storage.googleapis.com/storage-manga-cloud.appspot.com/chapter_image/82401bc24f393b765f6d0f17ee01a86c',84),(95,2,'https://storage.googleapis.com/storage-manga-cloud.appspot.com/chapter_image/cf1b2beb4eee015b6038d3240484035f',84),(96,3,'https://storage.googleapis.com/storage-manga-cloud.appspot.com/chapter_image/1cfe60a48d7ebf238d9b33f903b42e5d',84),(99,1,'https://storage.googleapis.com/storage-manga-cloud.appspot.com/chapter_image/09267ba44d9bee2a82e2514a61f36b7e',85),(100,2,'https://storage.googleapis.com/storage-manga-cloud.appspot.com/chapter_image/c55ae671347459cf9bea953b682b09ed',85),(101,1,'https://storage.googleapis.com/storage-manga-cloud.appspot.com/chapter_image/03be51b3a9b97677a8e10b3d2e30ca6d',86),(102,2,'https://storage.googleapis.com/storage-manga-cloud.appspot.com/chapter_image/6505098089d426b0f865d20ba2523157',86);
/*!40000 ALTER TABLE `chapter_images` ENABLE KEYS */;
UNLOCK TABLES;

--
-- Table structure for table `chapters`
--

DROP TABLE IF EXISTS `chapters`;
/*!40101 SET @saved_cs_client     = @@character_set_client */;
/*!50503 SET character_set_client = utf8mb4 */;
CREATE TABLE `chapters` (
  `ChapterId` int NOT NULL AUTO_INCREMENT,
  `VolumeNumber` int DEFAULT NULL,
  `ChapterNumber` float DEFAULT NULL,
  `ChapterName` varchar(255) DEFAULT NULL,
  `PublishedDate` timestamp NULL DEFAULT CURRENT_TIMESTAMP,
  `NovelContext` text,
  `UpdateAt` timestamp NULL DEFAULT CURRENT_TIMESTAMP ON UPDATE CURRENT_TIMESTAMP,
  `MangaId` int NOT NULL,
  PRIMARY KEY (`ChapterId`),
  KEY `chapters_ibfk_1` (`MangaId`),
  CONSTRAINT `chapters_ibfk_1` FOREIGN KEY (`MangaId`) REFERENCES `mangas` (`MangaId`) ON DELETE CASCADE ON UPDATE CASCADE
) ENGINE=InnoDB AUTO_INCREMENT=87 DEFAULT CHARSET=utf8mb4 COLLATE=utf8mb4_0900_ai_ci;
/*!40101 SET character_set_client = @saved_cs_client */;

--
-- Dumping data for table `chapters`
--

LOCK TABLES `chapters` WRITE;
/*!40000 ALTER TABLE `chapters` DISABLE KEYS */;
INSERT INTO `chapters` VALUES (53,1,1,'Professional Childhood Friend - Anna Yanami’s Defeat','2024-11-17 00:12:26','<p><strong>Prologue</strong></p><p><br></p><p>Today’s the end of the first term final exam.</p><p>It’s a Friday afternoon, less than 10 days until the summer holiday. I went out of my way to the family restaurant in the next town and ordered a drink and a large fries. It\'s really far away from school.</p><p>I wiped the sweat on my forehead with my handkerchief as I looked around leisurely.</p><p>The key is to not get too hasty. I can casually grab the drink after the fries are here.</p><p>“Well, let’s start…”</p><p>After checking that no students are in the same uniform, I took a novel out of my schoolbag.</p><p>It’s the latest volume of &lt;Is It Okay to Be Spoiled by My Older Little Sister?&gt;.</p><p>Coke, fries, light novel. Let the party time begins-</p><p><br></p><p><br></p><p><strong>Chapter 1: Professional Childhood Friend - Anna Yanami’s Defeat</strong></p><p><br></p><p>“You did well, onii-chan. It must’ve been rough. I really know that onii-chan tried your best. So, it’s okay for you to be spoiled by Kurumi.”</p><p>…I can\'t help but cry after seeing the little sister’s lines, who’s also the main heroine.</p><p>I’m shivering from the generosity of Kurumi-chan. She can always spoil the MC. I’m deeply satisfied with this 20-page long spoiling scene as I closed the book in silence.</p><p>I stared at the Kurumi-chan on the cover lovingly.</p><p>Ah, I want to be loved like this too. I want a lap pillow with these soft thighs-</p><p>“You can’t do that, Sosuke! You shouldn’t waste your time on this!”</p><p>The screams from the next table blew away my fantasy. I think a couple is arguing about something.</p><p>Sheesh, that’s why I hate normies. …They should learn from Kurumi Kashitani-chan, who’s called the Sweet Angel.</p><p>Well, I should rewatch the illustrations as I enjoy my melon-flavored coke.</p><p>“Huh!?”</p><p>I quickly sat back down after trying to walk to the drink bar.</p><p>Shit, the couple from the other table is from my school. They’re also my classmates.</p><p>The person screaming is Anna Yanami. She’s a cute and soft girl who’s popular in class.</p><p>The guy sitting opposite is Sosuke Hakamada. He’s also an attractive and shining guy. The two of them have always stayed together. Hmm, they are indeed going out, right?</p><p>But why did they get into an argument here? I raised my ears as I looked down at my novel.</p><p>“Karen-chan will be going to England if you don’t go. Is that alright?”</p><p>“But Karen-chan said goodbye to me-“</p><p>“Doesn’t that mean she wants you to see her!?”</p><p>…What’s wrong with that familiar conversation? Their story entered the climax after I finished reading.</p><p>The Karen that appeared throughout the conversation…is the girl who transferred here, right? I think her name is Karen Himemiya.</p><p>When she introduced herself on the first day of school, she got into an argument with Hakamada. Something about “Ah, you’re the chikan from that time!”</p><p>By the way, she’s transferring again? England? Isn’t that too fast?</p><p>“Why do you know that?”</p><p>“I know it because I know it! It’s because I’ve also always loved…”</p><p>Yanami lowered her head and bit her lips.</p><p>“Anna, I-“</p><p>“Yes, that’s okay.”</p>','2024-11-17 00:16:36',66),(54,1,2,'The Name of the Failed “Excalibruh” – Remon Yakishio','2024-11-17 00:13:02','<p>The cicadas are screaming non-stop.</p><p>The second day’s second lesson is PE until the scorching sun. I wiped my sweat off after putting the last hurdle inside the storage at the end of the lesson.</p><p>I’ve always thought about this. The rule of letting the student with the same number as the date pack up things is going too easy on no. 30.</p><p>“I refuse to accept this.”</p><p>I complained as I swept away the dust on me.</p><p>I should just go change. I just can’t handle being the only one in PE clothes after everyone’s done changing.</p><p>Click. I can hear the storage door getting locked. The surroundings got dark as well.</p><p>…Eh, the door’s closed? Bullying? Is someone trying to bully me?</p><p>I hastily turned around.</p><p>In the gloomy storage, Remon Yakishio is standing there embarrassed. I can see her curves clearly under her PE clothes that are soaked with sweat.</p><p>“…Yakishio-san?”</p><p>Hey, I’ve seen this in anime. I gulped unconsciously.</p><p>Yakishio lowered her head and looked at the ground. She swept the hair sticking on her face and walked to me.</p><p>“Nukumizu, there’s something I want to tell you.”</p><p>“Ha?”</p><p>A normal person would probably look forward to the upcoming fan-service. However, regrettably, I’m not that naïve.</p><p>It’s because from a romance novel’s perspective, there’s not enough development between Yakishio and me for that to happen.</p><p>“Let me ask you this. What happened to the thing I asked you before?”</p><p>“Eh, what?”</p><p>In other words, this isn’t a romance event. Instead, I’m just being an idiot for misunderstanding this whole thing. I wouldn’t be so nervous if I knew.</p><p>“Mitsuki asked you to borrow books from the Literature Club, right? Did he borrow it already?”</p><p>I see. She’s talking about that. No, not yet. I haven’t told him, after all.</p><p>Yakishio put her hands behind her back and kicked the floor with her legs shyly.</p><p>“I-If it’s okay, …can I be the one to give him those?”</p><p>“It’s a whole series, after all. You can’t take them all at once, right? If he just comes to borrow-“</p><p>Yakishio looked like she wanted to say something else as her body moved restlessly. Even I can tell what she wants.</p><p>“Well, sure, go ahead, Yakishio-san. You can tell him he can come whenever he wants.”</p><p>“Alright, leave it to me! I’ll make sure to tell him!”</p><p><br></p>','2024-11-17 00:13:02',66),(55,1,3,'A Loss When the Battle Hasn’t Even Started Yet – Chika Komari’s Dunkirk','2024-11-17 00:15:12','<p><span style=\"background-color: transparent; color: rgb(102, 102, 102);\">The first day of the trip is incredibly sunny.</span></p><p><span style=\"background-color: transparent; color: rgb(102, 102, 102);\">The TV said there’s no rain in this year’s rainy season. By the way, is this even the rainy season?</span></p><p><span style=\"background-color: transparent; color: rgb(102, 102, 102);\">The Literature Club took the train before switching to a bus. We’re at Shiroya Beach now. It’s pretty close to the hostel.</span></p><p><span style=\"background-color: transparent; color: rgb(102, 102, 102);\">I stared at the scorching beach dazedly as I laid open the beach blanket. My brain’s getting dizzy from the intense light.</span></p><p><span style=\"background-color: transparent; color: rgb(102, 102, 102);\">“Hey, Nukumizu. Nice work.”</span></p><p><span style=\"background-color: transparent; color: rgb(102, 102, 102);\">The person cheerfully opening the umbrella on the beach is our long-awaited Shintaro-senpai. I owe a lot to him. Thanks to him, I can avoid an all-girls sleepover.</span></p><p><span style=\"background-color: transparent; color: rgb(102, 102, 102);\">“Ah, what are you talking about?”</span></p><p><span style=\"background-color: transparent; color: rgb(102, 102, 102);\">“Yanami and Yakishio. I didn’t expect you to bring two very adorable girls here.”</span></p><p><span style=\"background-color: transparent; color: rgb(102, 102, 102);\">He looked at the changing room restlessly.</span></p><p><span style=\"background-color: transparent; color: rgb(102, 102, 102);\">“Also, we’re suddenly here at the beach.”</span></p><p><span style=\"background-color: transparent; color: rgb(102, 102, 102);\">“Sorry, this is all because of Yanami-san’s-“</span></p><p><span style=\"background-color: transparent; color: rgb(102, 102, 102);\">“-Thank you so much! I mean it!”</span></p><p><span style=\"background-color: transparent; color: rgb(102, 102, 102);\">He grabbed my hands and shook them.</span></p><p><span style=\"background-color: transparent; color: rgb(102, 102, 102);\">“Ha? Do you really love beaches?”</span></p><p><span style=\"background-color: transparent; color: rgb(102, 102, 102);\">“Swimsuits. It’s swimsuits. It’s very rare for us to see 4 of our club members in swimsuits, you know?”</span></p><p><span style=\"background-color: transparent; color: rgb(102, 102, 102);\">“But those two are my classmates. I’ve already seen them in swimsuits during swimming lessons.”</span></p><p><span style=\"background-color: transparent; color: rgb(102, 102, 102);\">“What are you saying? School swimsuits and personal swimsuits are two different things.”</span></p><p><span style=\"background-color: transparent; color: rgb(102, 102, 102);\">Indeed, the design and exposure are different.</span></p><p><span style=\"background-color: transparent; color: rgb(102, 102, 102);\">I’m unfazed by it. Prez shrugged helplessly.</span></p><p><span style=\"background-color: transparent; color: rgb(102, 102, 102);\">“Listen closely. School swimsuits are mandatory. You’re forced to wear it.”</span></p><p><span style=\"background-color: transparent; color: rgb(102, 102, 102);\">Yes.</span></p><p><span style=\"background-color: transparent; color: rgb(102, 102, 102);\">“In other words, personal swimsuits are worn because girls like them. Can you understand the difference between these two?”</span></p><p><span style=\"background-color: transparent; color: rgb(102, 102, 102);\">“…Please go on.”</span></p><p><span style=\"background-color: transparent; color: rgb(102, 102, 102);\">What senpai said piqued my interest.</span></p><p><span style=\"background-color: transparent; color: rgb(102, 102, 102);\">“Normally, girls are too embarrassed to show their shoulders or thighs. People even think of them as bitches if they show their bellies. However, with the legitimate reason of being on a beach, they’ll wear swimsuits that are not really different from underwear on their own.”</span></p><p><span style=\"background-color: transparent; color: rgb(102, 102, 102);\">Tamaki-senpai clenched his fists and looked at the sky throbbingly.</span></p>','2024-11-17 00:15:12',66),(56,2,1,'Anna Yanami Is Trying to Give Me Hints','2024-11-17 00:15:44','<p><strong>Prologue</strong></p><p><br></p><p>I’m on the way back from the Seibunkan Bookstore in front of the station.</p><p>I got off the red tram and walked down the station. The bright sunlight made me lower my head.</p><p>Even though it’s already late August, the summer heat isn’t subsiding at all.</p><p>I went over the zebra crossing. The touch of the book cover in my hands really excites me.</p><p>Indeed, I finally bought the long-awaited latest volume of &lt;Guys Who Call Me a Washboard Can All Step on Dog Shit&gt;.</p><p>The social status here is decided by the size of your boobs. It’s a shounen action novel with superpowers based on a dystopian world.</p><p>At the end of the last volume, the main girl’s best friend, Kirari-chan, grew to C cup and became her enemy. I really looked forward to the continuation.</p><p>Kazuhiko Nukumizu, Class 1C, a Tsuwabuki High School’s Literature Club member.</p><p>It’s the summer holiday. Today is peaceful and calm. The clock just turned to 11. I have to go home and enjoy the book cover and illustrations in an air-conditioned room.</p><p>The cicadas are screaming non-stop behind me. I got home. Clear footsteps can be heard the moment I step into the entrance.</p><p>“Welcome back, onii-sama!”</p><p>The girl dashing toward me is my little sister, Kaju Nukumizu. She’s two years younger.</p><p>Even though her bro-con trait is a downer, she’s an innocent and adorable little sister.</p><p>She’s wearing a denim dress. There’s even a huge headband on her black, long hair today.</p><p>“What’s wrong? You’re in a rush.”</p><p>“Onii-sama! Oh, no! Something big just happened!”</p><p>Kaju is holding a wall calendar as she jumps up and down excitedly.</p><p>“Is there an emergency? Also, why are you holding that?”</p><p>“It’s because! We have to decide the arrangements for the interview! Why not do it right now!?”</p><p>…I have no idea what she’s talking about.</p><p>“I got it, Kaju. Chill. You can tell me what’s going on after calming down.”</p><p>“Alright, Kaju has calmed down now! She suddenly visited us when Kaju was preparing lunch! Right, we have the leftover curry from yesterday as lunch!”</p><p>Yep, she’s not calmed down at all. At least I know what I’m having for lunch.</p><p>“I see. Leftover curry sounds good too. Is someone here?”</p><p>“Yeah! But Kaju can’t show up like this in front of a guest! Kaju is going to change, so I’ll leave the guest to onii-sama.”</p><p>“Uh, hey.”</p><p>“I’ve already brought the guest into the living room!”</p><p>Kaju dashed up the stairs before she even finished talking.</p><p>Isn’t it just a guest? Why is she so hyped up?</p><p>I’m a bit confused. Then, I noticed a cute pair of girls’ sneakers when I took off my shoes.</p><p>The size is too big for Kaju, but the design seems too young for my mom.</p><p>I looked at the end of the corridor. I can sense someone else’s presence, even though it’s faint.</p><p>“…That’s impossible, right?”</p><p>There’s no use in just guessing. So, I entered the living room.</p><p><br></p><p><br></p><p><strong>Chapter 1: Anna Yanami Is Trying to Give Me Hints</strong></p><p><br></p><p>“I’m back…”</p><p>I opened the door worriedly. The usual scenery of my house came into view.</p><p>The size of the living room is 18 tatamis. It’s joined with the dining room. The TV is replaying travel shows. [TL: 1 tatami = 1.65 square meters.]</p><p>Nothing unusual, aside from that girl holding a spoon next to the table with her mouth open.</p><p>“Hey, Nukumizu-kun, it’s been a while. Sorry for the intrusion.”</p><p>With that, the girl sent a spoon full of curry into her mouth.</p><p>“What the-!? Why are you here!?”</p><p>This girl, whose cheeks are stuffed up with curry, is Anna Yanami.</p><p>She became a staple losing heroine just a while ago when a heavenly transfer student took her childhood friend away.</p>','2024-11-17 00:15:44',66),(57,2,2,'Chihaya Asagumo Doesn’t Know What to Do','2024-11-17 00:17:19','<p><span style=\"background-color: transparent;\">It’s been two days since we accepted Chihaya Asagumo’s request for help.</span></p><p><span style=\"background-color: transparent;\">Yanami and I received her emergency message. She told us to come over ASAP.</span></p><p><span style=\"background-color: transparent;\">The meeting spot is the Kalmia Department Store in Toyohashi Station. It’s at the northern entrance of the station.</span></p><p><span style=\"background-color: transparent;\">I quickly walked inside the station from the outdoor platform and looked around.</span></p><p><span style=\"background-color: transparent;\">There aren’t any familiar faces. It seems like I’m the first to arrive. I caught my breath and stood in front of the entrance to Kalmia.</span></p><p><span style=\"background-color: transparent;\">It’s a bit past 2:30 PM. People are busily shopping or standing around waiting for others. It’s hectic.</span></p><p><span style=\"background-color: transparent;\">I lowered my head feeling a tad uncomfortable and mumbled, “Why the hell did I even say I’d help her…?”</span></p><p><span style=\"background-color: transparent;\">I don’t want to expose Yakishio’s secret.</span></p><p><span style=\"background-color: transparent;\">It’s just that this whole situation isn’t doing Yakishio any favors. To be honest, I feel pretty stumped.</span></p><p><span style=\"background-color: transparent;\">So, I can’t help but think, is this the correct answer to this situation?</span></p><p><span style=\"background-color: transparent;\">I can feel someone standing next to me.</span></p><p><span style=\"background-color: transparent;\">I glanced at her. It’s a girl wearing a sailor uniform.</span></p><p><span style=\"background-color: transparent;\">She’s wearing black-rimmed glasses. There are two fluffy braids on her head. She’s eating takoyaki from out of a red box one by one. What the hell? This woman has so much character.</span></p><p><span style=\"background-color: transparent;\">“Eh, Yanami-san!?”</span></p><p><span style=\"background-color: transparent;\">I couldn’t help but call her name. Yanami raised her head and looked at me chicly.</span></p><p><span style=\"background-color: transparent;\">“You finally noticed me, Nukumizu-kun.”</span></p><p><span style=\"background-color: transparent;\">Yanami took off her glasses and folded them.</span></p><p><span style=\"background-color: transparent;\">“Those don’t have lenses, right?”</span></p><p><span style=\"background-color: transparent;\">“It’s just for show. Don’t I look smart in them?”</span></p><p><span style=\"background-color: transparent;\">She doesn’t give off that impression at all. I nodded anyway.</span></p><p><span style=\"background-color: transparent;\">“Even though I don’t know where you got that idea from, what’s with your outfit today?”</span></p><p><span style=\"background-color: transparent;\">“A disguise is a must if we’re tailing someone, right? I’m wearing my uniform from middle school. How is it? It looks nice, right?”</span></p><p><span style=\"background-color: transparent;\">“Well, yeah, it’s fine for you to wear last year’s uniform...”</span></p><p><span style=\"background-color: transparent;\">I suddenly fell silent mid-sentence. The size of her uniform doesn’t seem to have matched her development…</span></p><p><span style=\"background-color: transparent;\">“What? You suddenly went quiet.”</span></p><p><span style=\"background-color: transparent;\">Yanami shovelled all of the remaining takoyaki into her mouth as she queried me.</span></p><p><span style=\"background-color: transparent;\">“It’s nothing as long as Yanami-san likes it.”</span></p><p><span style=\"background-color: transparent;\">…We’re both here by the way. Yet, the person who called us to this place is nowhere to be seen. Yanami made a call, but no one answered.</span></p><p><span style=\"background-color: transparent;\">“But this is sure a surprise to me. I thought Nukumizu-kun would find this troublesome.” Yanami dialed on Line as she said that.</span></p><p><span style=\"background-color: transparent;\">“What do you mean?”</span></p><p><span style=\"background-color: transparent;\">“I’m talking about our investigation of Remon-chan cheating. You actually accepted my invitation to this investigation.”</span></p><p><span style=\"background-color: transparent;\">I was forced into this. …With displeasure beaming from my eyes I asked her.</span></p><p><span style=\"background-color: transparent;\">“And you, Yanami-san? Why are you helping?”</span></p><p><span style=\"background-color: transparent;\">“…Did you see how Remon-chan looked when she was with Ayano-kun a few days ago?”</span></p><p><span style=\"background-color: transparent;\">I nodded in silence.</span></p>','2024-11-17 00:17:19',66),(58,2,3,'Let Him Who Is Not Rejected Cast the First Stone at the Losing Heroines','2024-11-17 00:17:41','<p><span style=\"background-color: transparent; color: rgb(102, 102, 102);\">The sun is already high up before noon.</span></p><p><span style=\"background-color: transparent; color: rgb(102, 102, 102);\">I opened a can of coffee as I looked at the advertisement board saying, “Roadside Station Mokkulu Shinshiro”.</span></p><p><span style=\"background-color: transparent; color: rgb(102, 102, 102);\">It takes around a 50-minute drive north from Toyohashi to get here. We’re at Shinshiro Station.</span></p><p><span style=\"background-color: transparent; color: rgb(102, 102, 102);\">“Why am I even here…?”</span></p><p><span style=\"background-color: transparent; color: rgb(102, 102, 102);\">It’s hard for me not to complain. A minivan stopped in front of my house with a sign saying “beginner driver”. I gave up everything when Tsukinoki-senpai poked her head out of the driver’s window.</span></p><p><span style=\"background-color: transparent; color: rgb(102, 102, 102);\">Yanami and Komari are already in the car. Even though I had given up already, I still didn’t expect to be brought outside the city with nothing in my hands.</span></p><p><span style=\"background-color: transparent; color: rgb(102, 102, 102);\">Shinshiro is the entrance to the mountains of the Mikawa region, which is also called Okumikawa. This is also where the Battle of Nagashino took place.</span></p><p><span style=\"background-color: transparent; color: rgb(102, 102, 102);\">Well, that’s all I know. Anyway, I’m in the mountains right now.</span></p><p><span style=\"background-color: transparent; color: rgb(102, 102, 102);\">From what I’ve heard from Tsukinoki-senpai, Yakishio lives with her grandma in Shinshiro. There’s still a long way, so we’re taking a break at the station.</span></p><p><span style=\"background-color: transparent; color: rgb(102, 102, 102);\">Senpai doesn’t seem to be going in any time soon. So, I’m sipping the micro sugar coffee in front of the advertisement board.</span></p><p><span style=\"background-color: transparent; color: rgb(102, 102, 102);\">“…Right, senpai sent me the novel.”</span></p><p><span style=\"background-color: transparent; color: rgb(102, 102, 102);\">It’ll be annoying later if I don’t read it. So, I opened the attachment of the mail.</span></p><p><span style=\"background-color: transparent; color: rgb(102, 102, 102);\">*</span></p><p><strong style=\"background-color: transparent; color: rgb(102, 102, 102);\">Literature Club Report – Summer Edition</strong></p><p><strong style=\"background-color: transparent; color: rgb(102, 102, 102);\">&lt;The Scribes of the Slumbering Forest&gt; by Koto Tsukinoki</strong></p><p><span style=\"background-color: transparent; color: rgb(102, 102, 102);\">&nbsp;</span></p><p><span style=\"background-color: transparent; color: rgb(102, 102, 102);\">[TL: BL warning.]</span></p>','2024-11-17 00:17:41',66),(59,2,4,' Remon Yakishio Is Speaking Up','2024-11-17 00:18:01','<p><span style=\"background-color: transparent; color: rgb(102, 102, 102);\">It’s the second night. I’m browsing the light novel bookshelf inside the Seibunkan Bookstore’s manga room.</span></p><p><span style=\"background-color: transparent; color: rgb(102, 102, 102);\">…We came back from Shinshiro yesterday. I was listening to Tsukinoki-senpai’s talking about random stuff, and I was home when I snapped out of it.</span></p><p><span style=\"background-color: transparent; color: rgb(102, 102, 102);\">Even though I feel like everything has come to a complete end, there’s still one last thing left.</span></p><p><span style=\"background-color: transparent; color: rgb(102, 102, 102);\">Yakishio fulfilled her promise. She’ll meet with Ayano and have a proper chat. As for me, I need to protect Yakishio until she’s at their promised place.</span></p><p><span style=\"background-color: transparent; color: rgb(102, 102, 102);\">After dinner, even though there was still ample time left, I decided to leave my home early. It’s because I’m restless. I can’t stay at my house.</span></p><p><span style=\"background-color: transparent; color: rgb(102, 102, 102);\">Yakishio said she wanted to talk to Ayano. She’s not trying to change her fate. It’s because her feelings are already well-known.</span></p><p><span style=\"background-color: transparent; color: rgb(102, 102, 102);\">Tonight’s meeting is like an aftermath of a defeat. I don’t know what’s waiting ahead in the future for the two of them…</span></p><p><span style=\"background-color: transparent; color: rgb(102, 102, 102);\">I thought about that as I reached my hand out toward the bookshelf subconsciously.</span></p><p><span style=\"background-color: transparent; color: rgb(102, 102, 102);\">“Oh, the new volume of &lt;Feed JK&gt; is out.”</span></p>','2024-11-17 00:18:01',66),(60,3,1,'Yumeko Shikiya Will Take Care of You','2024-11-17 00:18:34','<p><strong style=\"background-color: transparent; color: rgb(102, 102, 102);\">Prologue</strong></p><p><br></p><p><span style=\"background-color: transparent; color: rgb(102, 102, 102);\">It’s mid-October. After school. I’m waiting for that moment before the canteen’s entrance in the atrium.</span></p><p><span style=\"background-color: transparent; color: rgb(102, 102, 102);\">I took a piece of paper out as I watched the backs of the construction workers removing the maintenance belts.</span></p><p><span style=\"background-color: transparent; color: rgb(102, 102, 102);\">-It’s the autumn release of Tsuwabuki High School’s &lt;Micro News&gt;. This is basically a collection of school news from our News Club.</span></p><p><span style=\"background-color: transparent; color: rgb(102, 102, 102);\">What I care about isn’t the result of the club activities, nor is it the article about the cultural festival. There’s news from the office at the corner of the newspaper.</span></p><p><span style=\"color: rgb(102, 102, 102); background-color: transparent;\">&nbsp;&lt;The bathroom in the canteen will be temporarily suspended until October 14 due to maintenance.&gt;</span></p><p><span style=\"background-color: transparent; color: rgb(102, 102, 102);\">…That’s right. The water pipes at the canteen’s entrance have to be renovated. The construction work is completed today. The workers left after finishing their job. I shoved the newspaper into my jacket’s pocket.</span></p><p><span style=\"background-color: transparent; color: rgb(102, 102, 102);\">“Alright, let’s test out the new tap water.”</span></p><p><span style=\"background-color: transparent; color: rgb(102, 102, 102);\">I heard someone dashing toward me the moment I took a step forward. I remember such wobbling footsteps.</span></p><p><span style=\"background-color: transparent; color: rgb(102, 102, 102);\">I turned around and looked at her. It’s Chika Komari.</span></p><p><span style=\"background-color: transparent; color: rgb(102, 102, 102);\">She’s a first-year student. We’re both in the Literature Club. Even I have to admit defeat regarding the knowledge of the school’s water system when up against her.</span></p><p><span style=\"background-color: transparent; color: rgb(102, 102, 102);\">Komari put her hands on her kneecaps. She’s catching her breath as she looks up at me.</span></p><p><span style=\"background-color: transparent; color: rgb(102, 102, 102);\">“Y-You’re here, N-Nukumizu.”</span></p><p><span style=\"background-color: transparent; color: rgb(102, 102, 102);\">“Oh, you’re here as well.”</span></p><p><span style=\"background-color: transparent; color: rgb(102, 102, 102);\">There’s a reason why Komari is rushing here.</span></p><p><span style=\"background-color: transparent; color: rgb(102, 102, 102);\">Colossal buildings like schools usually base their water systems on a roof water tank. However, after this renovation, it now adapts something called direct water supply. In other words, we now get water directly from the pipes.</span></p><p><span style=\"background-color: transparent; color: rgb(102, 102, 102);\">The tap water of Tsuwabuki High School. There’s no way Komari will let go of the opportunity to test her skills.</span></p><p><span style=\"background-color: transparent; color: rgb(102, 102, 102);\">“There’s not just one tap. Alright, let’s drink together.”</span></p><p><span style=\"background-color: transparent; color: rgb(102, 102, 102);\">“I-I don’t care about the water. C-Come here.”</span></p><p><span style=\"background-color: transparent; color: rgb(102, 102, 102);\">Komari grabbed my jacket and started walking toward the school building.</span></p><p><span style=\"background-color: transparent; color: rgb(102, 102, 102);\">“Hey, wait, aren’t you here to drink water too?”</span></p><p><span style=\"background-color: transparent; color: rgb(102, 102, 102);\">“I-I already sneaked out and got a taste during the break.”</span></p><p><span style=\"background-color: transparent; color: rgb(102, 102, 102);\">You’re such a sly girl.</span></p><p><span style=\"background-color: transparent; color: rgb(102, 102, 102);\">“W-We should go to the club.”</span></p><p><span style=\"background-color: transparent; color: rgb(102, 102, 102);\">“Fine, I got it. Stop yanking my jacket.”</span></p><p><span style=\"background-color: transparent; color: rgb(102, 102, 102);\">Ah, sheesh, my jacket will be wrinkled if I reject her.</span></p><p><span style=\"background-color: transparent; color: rgb(102, 102, 102);\">I sighed before Komari pulled me away-</span></p><p><br></p><p><strong style=\"background-color: transparent; color: rgb(102, 102, 102);\">Chapter 1: Yumeko Shikiya Will Take Care of You</strong></p><p><br></p><p><span style=\"background-color: transparent; color: rgb(102, 102, 102);\">The edge of the west school building. We’re right before the Literature Club room.</span></p><p><span style=\"background-color: transparent; color: rgb(102, 102, 102);\">An eerie feeling surfaced in my mind as I grabbed the door handle.</span></p><p><span style=\"background-color: transparent; color: rgb(102, 102, 102);\">“...Hey, Komari, what are we doing in the club room?”</span></p><p><span style=\"background-color: transparent; color: rgb(102, 102, 102);\">Komari immediately started shoving my back the moment I spoke up.</span></p><p><span style=\"background-color: transparent; color: rgb(102, 102, 102);\">“A-Alright, o-open the d-door now.”</span></p><p><span style=\"background-color: transparent; color: rgb(102, 102, 102);\">“Fine, I got it. Please stop pushing me.”</span></p><p><span style=\"background-color: transparent; color: rgb(102, 102, 102);\">No point in arguing further. I gave up and opened the door. However, for some reason, it’s very gloomy inside.</span></p><p><span style=\"background-color: transparent; color: rgb(102, 102, 102);\">After getting used to the darkness, I can see someone with long hair sitting on the chair.</span></p><p><span style=\"background-color: transparent; color: rgb(102, 102, 102);\">“...Who is it? Is it Yanami-san?”</span></p><p><span style=\"background-color: transparent; color: rgb(102, 102, 102);\">“You’re…the young man from the Literature Club…”</span></p><p><span style=\"background-color: transparent; color: rgb(102, 102, 102);\">“!?”</span></p><p><span style=\"background-color: transparent; color: rgb(102, 102, 102);\">The person slowly standing up is a girl in a nurse’s outfit for some reason. She’s the zombie gal of the student council, Yumeko Shikiya.</span></p><p><span style=\"background-color: transparent; color: rgb(102, 102, 102);\">I subconsciously charged out of the club room and closed the door.</span></p><p><span style=\"background-color: transparent; color: rgb(102, 102, 102);\">…Why is that person in the club room? Also, what’s with her outfit?</span></p><p><span style=\"background-color: transparent; color: rgb(102, 102, 102);\">Just as I’m leaning on the door and taking deep breaths, someone starts knocking on it.</span></p><p><span style=\"background-color: transparent; color: rgb(102, 102, 102);\">Shit, the zombie nurse Shikiya-san seems to be coming out. The door handle is twisting non-stop.</span></p><p><span style=\"background-color: transparent; color: rgb(102, 102, 102);\">“O-Open the door! H-Hey, I-I’m still in the club room!”</span></p><p><span style=\"background-color: transparent; color: rgb(102, 102, 102);\">…I forgot about Komari.</span></p><p><span style=\"background-color: transparent; color: rgb(102, 102, 102);\">I moved away from the door. Komari rolled outside.</span></p><p><span style=\"background-color: transparent; color: rgb(102, 102, 102);\">“Y-You! Y-You left me inside and r-ran away!?”</span></p><p><span style=\"background-color: transparent; color: rgb(102, 102, 102);\">“Nope, I just forgot about you.”</span></p><p><span style=\"background-color: transparent; color: rgb(102, 102, 102);\">Indeed, leaving someone and forgetting about someone are vastly different. Anyway, I’m not that terrible of a person.</span></p><p><span style=\"background-color: transparent; color: rgb(102, 102, 102);\">I went to Komari to comfort her. Suddenly, I can feel shivers down my spine. Our heads are turned around by a pair of slim hands.</span></p><p><span style=\"background-color: transparent; color: rgb(102, 102, 102);\">Shikiya-san caught Komari and me with both arms. Her rainbow contact lenses are right in front of me.</span></p><p><span style=\"background-color: transparent; color: rgb(102, 102, 102);\">“Why are…you two…running away…?”</span></p><p><span style=\"background-color: transparent; color: rgb(102, 102, 102);\">“Uh, that’s because-”</span></p><p><span style=\"background-color: transparent; color: rgb(102, 102, 102);\">She feels scary.</span></p>','2024-11-17 00:18:34',66),(61,3,2,'Thanks for Waiting - Karen Himemiya','2024-11-17 00:18:56','<p><span style=\"background-color: transparent;\">It’s been a week since we had an advisor for the Literature Club.</span></p><p><span style=\"background-color: transparent;\">In contrast to my worries at first, Konuki-sensei is actually unexpectedly good at taking care of people.</span></p><p><span style=\"background-color: transparent;\">We can discuss anything with her. Even if she doesn’t understand it, she always helps us to investigate passionately.</span></p><p><span style=\"background-color: transparent;\">Even though she will compare a girl in the club and me to stamen and pistil or something, this should be a relatively minor problem.</span></p><p><br></p><p><span style=\"background-color: transparent;\">It’s Monday after school right now. Tsuwabuki Fest will be opening on Saturday this week. You can say that it’s right around the corner.</span></p><p><span style=\"background-color: transparent;\">I’m returning to my classroom from the nurse’s office. People wearing pumpkin heads keep bumping into me too.</span></p><p><span style=\"background-color: transparent;\">“I think pumpkins have separate male and female flowers on the same plant…”</span></p><p><span style=\"background-color: transparent;\">I couldn’t help but mumble what I heard from Konuki-sensei.</span></p><p><span style=\"background-color: transparent;\">The purpose seems to be avoiding self-pollination. Why does sensei keep talking about pumpkins whenever the conversation is about Kaju…?</span></p><p><span style=\"background-color: transparent;\">“Excuse me. Please make space for us!”</span></p><p><span style=\"background-color: transparent;\">With that, the path is separated. This time, a bunch of girls in witch cosplays ran past me with giant brooms in their hands. A lot of students are dressing up for this Tsuwabuki Fest. It seems like the entire school is having a Halloween party.</span></p><p><span style=\"background-color: transparent;\">As Tsuwabuki Fest approaches on the weekend, the school is filled with more hustle and bustle. The school building usually is tranquil after school. It’s as lively as during the day right now.</span></p><p><span style=\"background-color: transparent;\">Also, I’m going to a conference about our class’s plan. I need to go to the club room after that as well. That’s a lot of work.</span></p><p><span style=\"background-color: transparent;\">A gentle flowery scent suddenly floated toward me when I passed through the stairs.</span></p><p><span style=\"background-color: transparent;\">…Where did it come from?</span></p><p><span style=\"background-color: transparent;\">I couldn’t help but stop walking. The scent seems to be coming from upstairs.</span></p><p><span style=\"background-color: transparent;\">I raised my head subconsciously. Then, I saw a girl with her hands full of stuff dashing down the stairs clumsily.</span></p><p><span style=\"background-color: transparent;\">“Awawawa! Excuse me!”</span></p><p><span style=\"background-color: transparent;\">Ah, that’s a pretty common line in light novels.</span></p>','2024-11-17 00:18:56',66),(62,0,1,'','2024-11-17 00:19:40','','2024-11-17 00:19:40',45),(63,0,2,'','2024-11-17 00:19:56','','2024-11-17 00:19:56',45),(64,0,3,'','2024-11-17 00:20:09','','2024-11-17 00:20:09',45),(65,0,1,'','2024-11-17 00:20:33','','2024-11-17 00:20:33',46),(66,0,2,'','2024-11-17 00:20:45','','2024-11-17 00:20:45',46),(67,0,3,'','2024-11-17 00:20:57','','2024-11-17 00:20:57',46),(68,0,1,'','2024-11-17 00:21:22','','2024-11-17 00:21:22',43),(69,0,2,'','2024-11-17 00:21:47','','2024-11-17 00:21:47',43),(70,0,3,'','2024-11-17 00:22:01','','2024-11-17 00:22:01',43),(71,0,1,'','2024-12-09 07:31:45','','2024-12-09 07:31:45',51),(72,0,2,'','2024-12-09 07:34:24','','2024-12-09 07:34:24',51),(73,0,1,'','2024-12-09 08:47:53','','2024-12-09 08:47:53',70),(74,0,2,'','2024-12-09 08:48:15','','2024-12-09 08:48:15',70),(76,0,3,'','2024-12-09 11:35:32','','2024-12-09 11:35:32',70),(77,0,1,'','2024-12-09 11:54:37','','2024-12-09 11:54:37',57),(79,0,4,'','2024-12-11 16:54:38','','2024-12-11 16:54:38',45),(80,3,10,'','2024-12-18 12:38:13','<p>“Huh? Who are you calling loser?”</p><p>As the background of the class, I, Kazuhiko Nukumizu, witnessed a popular girl – Anna Yanami, getting rejected by another guy.</p><p>“Even though he said we’ll get married. Don’t you think he’s pretty mean?”</p><p>“When did he say that?”</p><p>“When we were 4 or 5 years old.”</p><p>That doesn’t count, right?</p>','2024-12-18 12:38:13',66),(81,0,5,'','2024-12-19 00:38:44','','2024-12-19 00:38:44',45),(82,0,6,'','2024-12-19 04:46:58','','2024-12-19 04:46:58',45),(83,0,4,'','2024-12-19 04:48:10','','2024-12-19 04:48:10',43),(84,0,7,'','2024-12-22 02:06:29','','2024-12-22 02:06:29',45),(85,0,3,'','2024-12-22 02:21:14',NULL,'2024-12-22 02:23:01',51),(86,0,8,'','2024-12-22 12:52:18','','2024-12-22 12:52:18',45);
/*!40000 ALTER TABLE `chapters` ENABLE KEYS */;
UNLOCK TABLES;

--
-- Table structure for table `documents`
--

DROP TABLE IF EXISTS `documents`;
/*!40101 SET @saved_cs_client     = @@character_set_client */;
/*!50503 SET character_set_client = utf8mb4 */;
CREATE TABLE `documents` (
  `DocumentId` int NOT NULL AUTO_INCREMENT,
  `Content` text NOT NULL,
  `DocType` enum('policy','terms','about') NOT NULL,
  `UpdateAt` timestamp NULL DEFAULT CURRENT_TIMESTAMP ON UPDATE CURRENT_TIMESTAMP,
  PRIMARY KEY (`DocumentId`)
) ENGINE=InnoDB AUTO_INCREMENT=3 DEFAULT CHARSET=utf8mb4 COLLATE=utf8mb4_0900_ai_ci;
/*!40101 SET character_set_client = @saved_cs_client */;

--
-- Dumping data for table `documents`
--

LOCK TABLES `documents` WRITE;
/*!40000 ALTER TABLE `documents` DISABLE KEYS */;
INSERT INTO `documents` VALUES (1,'<p>Điều 1: Không vi phạm luật an ninh mạng</p><p><br></p><p>Điều 2: Chúng tôi cam kết không chia sẻ thông tin cá nhân với bên thứ 3</p><p><br></p><p>Điều 3: Vui lòng hành xử đúng mực trên trang web/ứng dụng của chúng tôi</p><p><br></p><p>Điều 4: Mọi hành vi không hợp lệ sẽ bị người quản trị (admin) khoá tài khoản ngay lập tức</p><p><br></p><p>Điều 5: Khi đăng ký tài khoản có nghĩa là bạn đã chấp nhận với các điều khoản ở trên mà chúng tôi đưa ra</p>','policy','2024-12-09 09:04:36'),(2,'<p>MLReader (viết tắt của Manga, Light Novel Reader)</p><p><br></p><p>Trang web/ứng dụng được lấy cảm hứng từ các trang web truyện như Mangadex, Truyendex,...</p><p>Chúng tôi muốn chia sẻ truyện tranh, truyện chữ dưới dạng bản quyền thông qua các gói đọc truyện theo nhu cầu</p><p>Đồng thời, chúng tôi cũng cung cấp các truyện miễn phí đến với độc giả</p><p>Hy vọng mọi người sẽ ủng hộ web truyện của chúng tôi.</p><p><br></p><p>Mọi phản hồi và góp ý xin liên hệ qua email: n20dccn018@student.ptithcm.edu.vn</p><p>Xin cảm ơn.</p>','about','2024-12-18 12:43:03');
/*!40000 ALTER TABLE `documents` ENABLE KEYS */;
UNLOCK TABLES;

--
-- Table structure for table `favorites`
--

DROP TABLE IF EXISTS `favorites`;
/*!40101 SET @saved_cs_client     = @@character_set_client */;
/*!50503 SET character_set_client = utf8mb4 */;
CREATE TABLE `favorites` (
  `UserId` int NOT NULL,
  `MangaId` int NOT NULL,
  `CreateDate` timestamp NULL DEFAULT CURRENT_TIMESTAMP,
  PRIMARY KEY (`UserId`,`MangaId`),
  KEY `MangaId` (`MangaId`),
  CONSTRAINT `likes_ibfk_1` FOREIGN KEY (`UserId`) REFERENCES `users` (`UserId`),
  CONSTRAINT `likes_ibfk_2` FOREIGN KEY (`MangaId`) REFERENCES `mangas` (`MangaId`) ON DELETE CASCADE ON UPDATE CASCADE
) ENGINE=InnoDB DEFAULT CHARSET=utf8mb4 COLLATE=utf8mb4_0900_ai_ci;
/*!40101 SET character_set_client = @saved_cs_client */;

--
-- Dumping data for table `favorites`
--

LOCK TABLES `favorites` WRITE;
/*!40000 ALTER TABLE `favorites` DISABLE KEYS */;
INSERT INTO `favorites` VALUES (1,43,'2024-11-17 00:07:04'),(1,45,'2024-11-17 00:07:07'),(1,46,'2024-11-17 00:07:10'),(1,47,'2024-11-17 00:07:13'),(1,51,'2024-12-06 07:54:52'),(1,56,'2024-12-06 07:54:47'),(1,60,'2024-12-06 07:54:43'),(1,62,'2024-12-03 23:09:02'),(1,63,'2024-12-03 23:09:12'),(1,64,'2024-12-03 23:09:07'),(1,66,'2024-12-04 08:34:25'),(2,64,'2024-11-17 00:08:57'),(2,66,'2024-11-17 00:08:24'),(15,43,'2024-12-22 09:04:17'),(15,45,'2024-12-18 12:13:41'),(15,63,'2024-11-17 00:07:48'),(15,64,'2024-11-17 00:07:43'),(15,66,'2024-11-17 00:07:35'),(17,66,'2024-12-09 12:09:56'),(26,51,'2024-12-09 07:35:26'),(26,66,'2024-12-09 07:35:45'),(28,43,'2024-12-09 08:40:06'),(28,45,'2024-12-09 08:39:58'),(28,66,'2024-12-09 08:40:02'),(28,70,'2024-12-09 08:48:02'),(29,43,'2024-12-22 12:34:16'),(29,45,'2024-12-22 12:35:07'),(29,66,'2024-12-22 12:35:03');
/*!40000 ALTER TABLE `favorites` ENABLE KEYS */;
UNLOCK TABLES;

--
-- Table structure for table `following`
--

DROP TABLE IF EXISTS `following`;
/*!40101 SET @saved_cs_client     = @@character_set_client */;
/*!50503 SET character_set_client = utf8mb4 */;
CREATE TABLE `following` (
  `UserId` int NOT NULL,
  `MangaId` int NOT NULL,
  `CreateDate` timestamp NULL DEFAULT CURRENT_TIMESTAMP,
  PRIMARY KEY (`UserId`,`MangaId`),
  KEY `MangaId` (`MangaId`),
  CONSTRAINT `follows_ibfk_1` FOREIGN KEY (`UserId`) REFERENCES `users` (`UserId`),
  CONSTRAINT `follows_ibfk_2` FOREIGN KEY (`MangaId`) REFERENCES `mangas` (`MangaId`) ON DELETE CASCADE ON UPDATE CASCADE
) ENGINE=InnoDB DEFAULT CHARSET=utf8mb4 COLLATE=utf8mb4_0900_ai_ci;
/*!40101 SET character_set_client = @saved_cs_client */;

--
-- Dumping data for table `following`
--

LOCK TABLES `following` WRITE;
/*!40000 ALTER TABLE `following` DISABLE KEYS */;
INSERT INTO `following` VALUES (1,43,'2024-11-17 00:07:04'),(1,45,'2024-11-17 00:07:07'),(1,46,'2024-11-17 00:07:11'),(1,47,'2024-11-17 00:07:14'),(1,51,'2024-12-06 07:54:53'),(1,56,'2024-12-06 07:54:48'),(1,60,'2024-12-06 07:54:43'),(1,62,'2024-12-03 23:09:01'),(1,63,'2024-12-03 23:09:12'),(1,64,'2024-12-03 23:09:07'),(1,66,'2024-12-04 08:34:25'),(2,66,'2024-11-17 00:08:24'),(15,43,'2024-12-22 03:03:04'),(15,45,'2024-12-19 04:46:30'),(15,46,'2024-12-18 12:13:32'),(15,63,'2024-11-17 00:07:49'),(15,64,'2024-11-17 00:07:43'),(15,66,'2024-11-17 00:07:36'),(17,51,'2024-12-22 02:20:49'),(17,66,'2024-12-09 12:09:57'),(26,51,'2024-12-09 07:33:05'),(26,66,'2024-12-09 07:35:46'),(28,43,'2024-12-09 08:40:06'),(28,45,'2024-12-09 08:39:58'),(28,66,'2024-12-09 08:40:02'),(28,70,'2024-12-09 08:48:02'),(29,43,'2024-12-22 12:34:16'),(29,45,'2024-12-22 12:35:07'),(29,66,'2024-12-22 12:35:03');
/*!40000 ALTER TABLE `following` ENABLE KEYS */;
UNLOCK TABLES;

--
-- Table structure for table `genres`
--

DROP TABLE IF EXISTS `genres`;
/*!40101 SET @saved_cs_client     = @@character_set_client */;
/*!50503 SET character_set_client = utf8mb4 */;
CREATE TABLE `genres` (
  `GenreId` int NOT NULL AUTO_INCREMENT,
  `GenreName` varchar(255) NOT NULL,
  PRIMARY KEY (`GenreId`),
  UNIQUE KEY `GenreName` (`GenreName`)
) ENGINE=InnoDB AUTO_INCREMENT=64 DEFAULT CHARSET=utf8mb4 COLLATE=utf8mb4_0900_ai_ci;
/*!40101 SET character_set_client = @saved_cs_client */;

--
-- Dumping data for table `genres`
--

LOCK TABLES `genres` WRITE;
/*!40000 ALTER TABLE `genres` DISABLE KEYS */;
INSERT INTO `genres` VALUES (1,'Action'),(2,'Adventure'),(3,'Comedy'),(4,'Drama'),(5,'Fantasy'),(6,'Harem'),(7,'Horror'),(8,'Isekai'),(18,'Magic'),(9,'Mystery'),(16,'Oneshot'),(10,'Psychological'),(11,'Romance'),(56,'School life'),(12,'Sci-Fi'),(13,'Shounen'),(14,'Slice of life'),(15,'Sports'),(17,'Superhero');
/*!40000 ALTER TABLE `genres` ENABLE KEYS */;
UNLOCK TABLES;

--
-- Table structure for table `manga_genres`
--

DROP TABLE IF EXISTS `manga_genres`;
/*!40101 SET @saved_cs_client     = @@character_set_client */;
/*!50503 SET character_set_client = utf8mb4 */;
CREATE TABLE `manga_genres` (
  `MangaId` int NOT NULL,
  `GenreId` int NOT NULL,
  PRIMARY KEY (`MangaId`,`GenreId`),
  KEY `mangagenres_ibfk_2` (`GenreId`),
  CONSTRAINT `manga_genres_ibfk_1` FOREIGN KEY (`MangaId`) REFERENCES `mangas` (`MangaId`) ON DELETE CASCADE ON UPDATE CASCADE,
  CONSTRAINT `manga_genres_ibfk_2` FOREIGN KEY (`GenreId`) REFERENCES `genres` (`GenreId`) ON DELETE CASCADE ON UPDATE CASCADE
) ENGINE=InnoDB DEFAULT CHARSET=utf8mb4 COLLATE=utf8mb4_0900_ai_ci;
/*!40101 SET character_set_client = @saved_cs_client */;

--
-- Dumping data for table `manga_genres`
--

LOCK TABLES `manga_genres` WRITE;
/*!40000 ALTER TABLE `manga_genres` DISABLE KEYS */;
INSERT INTO `manga_genres` VALUES (45,1),(49,1),(51,1),(56,1),(57,1),(59,1),(61,1),(62,1),(63,1),(64,1),(65,1),(45,2),(51,2),(57,2),(59,2),(61,2),(62,2),(63,2),(64,2),(43,3),(45,3),(49,3),(50,3),(51,3),(53,3),(54,3),(55,3),(56,3),(57,3),(58,3),(61,3),(62,3),(63,3),(64,3),(65,3),(66,3),(70,3),(54,4),(55,4),(60,4),(62,4),(63,4),(64,4),(66,4),(59,5),(60,5),(61,5),(62,5),(63,5),(64,5),(50,6),(53,6),(62,6),(63,6),(64,6),(65,6),(62,7),(63,7),(64,7),(62,8),(63,8),(64,8),(51,9),(62,9),(63,9),(64,9),(62,10),(63,10),(64,10),(45,11),(46,11),(50,11),(51,11),(52,11),(53,11),(54,11),(55,11),(58,11),(60,11),(62,11),(63,11),(64,11),(66,11),(70,11),(62,12),(63,12),(64,12),(43,13),(45,13),(46,13),(49,13),(56,13),(57,13),(60,13),(62,13),(63,13),(64,13),(52,14),(53,14),(56,14),(58,14),(62,14),(63,14),(64,14),(70,14),(46,15),(62,15),(63,15),(64,15),(62,16),(63,16),(64,16),(62,17),(63,17),(64,17),(62,18),(63,18),(64,18),(43,56),(46,56),(49,56),(52,56),(53,56),(55,56),(58,56),(62,56),(63,56),(64,56),(70,56);
/*!40000 ALTER TABLE `manga_genres` ENABLE KEYS */;
UNLOCK TABLES;

--
-- Table structure for table `mangas`
--

DROP TABLE IF EXISTS `mangas`;
/*!40101 SET @saved_cs_client     = @@character_set_client */;
/*!50503 SET character_set_client = utf8mb4 */;
CREATE TABLE `mangas` (
  `MangaId` int NOT NULL AUTO_INCREMENT,
  `MangaName` varchar(255) NOT NULL,
  `OtherName` text,
  `CoverImageUrl` varchar(255) DEFAULT NULL,
  `PublishedYear` year DEFAULT '2024',
  `Description` text,
  `AgeLimit` tinyint DEFAULT '0',
  `IsManga` tinyint DEFAULT '0' COMMENT '0 is light novel, 1 is manga',
  `IsFree` tinyint DEFAULT '0' COMMENT '0: paid manga, 1: free manga',
  `NumChapters` int DEFAULT '0',
  `NewestChapterNumber` float DEFAULT '0',
  `NumViews` int DEFAULT '0',
  `NumLikes` int DEFAULT '0',
  `NumFollows` int DEFAULT '0',
  `CreateAt` timestamp NULL DEFAULT CURRENT_TIMESTAMP,
  `UpdateAt` timestamp NULL DEFAULT CURRENT_TIMESTAMP,
  `IsHide` tinyint DEFAULT '0' COMMENT '0: not hide, 1: is hide',
  `AuthorId` int DEFAULT NULL,
  PRIMARY KEY (`MangaId`),
  KEY `AuthorId` (`AuthorId`),
  CONSTRAINT `mangas_ibfk_1` FOREIGN KEY (`AuthorId`) REFERENCES `authors` (`AuthorId`) ON DELETE SET NULL
) ENGINE=InnoDB AUTO_INCREMENT=77 DEFAULT CHARSET=utf8mb4 COLLATE=utf8mb4_0900_ai_ci;
/*!40101 SET character_set_client = @saved_cs_client */;

--
-- Dumping data for table `mangas`
--

LOCK TABLES `mangas` WRITE;
/*!40000 ALTER TABLE `mangas` DISABLE KEYS */;
INSERT INTO `mangas` VALUES (43,'Shikanoko Nokonoko Koshitantan','My deer friend Nokotan','https://storage.googleapis.com/storage-manga-cloud.appspot.com/cover_image/c028a7ba06d80a2e2706cd687b389278',2019,'Mọi học sinh cùng lớp đều nghĩ Torako là một nữ sinh hoàn hảo, nhưng không ai biết được quá khứ một thời từng làm giang hồ. Cho đến khi Nokotan, một nữ sinh chuyển trường với đôi sừng hươu nai, xuất hiện. Bằng cái mũi của loài hưu, Nokotan đã \"ngửi\" thấy được quá khứ đen tối của Torako. Bất kể là trường học hay sở thú, sự hỗn loạn vẫn theo chân cô gái mắt nai ấy để tiến bước vào cuộc sống của Torako. Nokotan liệu có phải là một con hưu, hay là một cô gái, hay thậm chí là cả hai?',6,1,1,4,4,258,6,6,'2024-11-08 13:57:57','2024-12-19 04:48:10',0,12),(45,'Gia Đình Điệp Viên','Spy x family','https://storage.googleapis.com/storage-manga-cloud.appspot.com/cover_image/dad409f823a8c00f6cf3285d8381ecf3',2019,'Anh điệp viên lấy vợ sát thủ và có con siêu năng',12,1,0,8,8,25,4,6,'2024-11-08 14:08:35','2024-12-22 12:52:18',1,3),(46,'Blue Box','Ao no Hako','https://storage.googleapis.com/storage-manga-cloud.appspot.com/cover_image/c7eb67ed27ff07c93ce45197bb1d6010',2021,'Taiki Inomata, năm ba sơ trung, là thành viên của đội cầu lông. Kể từ khi tập luyện cùng với đội cầu lông, cậu luôn cố đến sớm nhất có thể, thế nhưng, cậu chỉ là người thứ hai đến nhà đa năng. Bởi vì người đầu tiên luôn đến sớm nhất, chính là Chinatsu Kano, năm nhất cao trung, và là người mà cậu thích.Vì sự chênh lệch giữa mức độ nổi tiếng mà cậu cảm thấy mình không thể kéo gần khoảng cách với cô ấy. Thế nhưng...Vào một ngày đẹp trời, vì chuyện gia đình, Chinatsu Kano đã đến sống chung với Taiki Inomata.Với cơ hội ngàn năm có một này, với cái flag romcom to hơn núi Phú Sĩ này, liệu rằng cậu chàng Taiki có thể làm nên chuyện hay không?',12,1,0,3,3,20,1,2,'2024-11-08 14:10:33','2024-11-17 00:20:57',0,1),(47,' Sousou No Frieren',' Sousou No Frieren','https://storage.googleapis.com/storage-manga-cloud.appspot.com/cover_image/ef52fb46b4a698d2e318ea9ff7ab4740',2024,NULL,8,1,0,0,0,0,1,1,'2024-11-08 14:12:59','2024-11-08 14:12:59',0,NULL),(49,'Wind Breaker (Nii Satoru)',NULL,'https://storage.googleapis.com/storage-manga-cloud.appspot.com/cover_image/486d7f99a12ddf7a5aa7782f6e12f464',2024,'Hãy bảo vệ khu phố bằng nắm đấm đó! Huyền thoại về vị anh hùng chiến đấu Sakura - học sinh cấp 3 giang hồ.\r\nĐiểm chuẩn thì lẹt đẹt, nhưng đánh nhau thì luôn là mạnh nhất. Nơi nổi danh là ngôi trường của những tên giang hồ khủng khiếp nhất: THPT Fuurin. Với mục đích trở thành kẻ đứng đầu của một Fuurin như vậy, vào mùa xuân năm ấy, học sinh lớp 10 Sakura Haruka đến khu phố Tonpuu và biết được về băng nhóm bảo vệ khu phố với tên gọi \"Boufuurin\" của trường. Sakura quyết định sẽ bắt đầu chiến đấu để bảo vệ nơi ấy như một thành viên của Fuurin!\r\n(Đây là bộ truyện trùng tên nhưng khác tác giả)',8,1,0,0,0,0,0,0,'2024-11-08 14:15:43','2024-11-08 14:15:43',0,NULL),(50,'Quán Cà Phê Nữ Thần','Goddess Café Terrace; Megami no Kafeterasu','https://storage.googleapis.com/storage-manga-cloud.appspot.com/cover_image/e5e4deb53b0d266d66bf4f1be03fa6fe',2024,'Kasukabe Hayato đã được nhận vào Đại Học Tokyo ngay trong lần thi đầu tiên. Nhưng sau khi nhận được tin bà nội qua đời, anh trở về ngôi nhà thời thơ ấu của mình, quán cà phê Familia.  Và thấy 5 cô gái lạ mặt tự xưng là \"Gia đình của bà\"! Cuộc sống mới của Hayato tại một thị trấn ven biển với năm cô gái định mệnh bắt đầu từ đây!',8,1,0,0,0,0,0,0,'2024-11-08 14:16:26','2024-11-08 14:16:26',0,NULL),(51,'Vũ Trang Siêu Nhiên','Dandadan!!; Dandadan','https://storage.googleapis.com/storage-manga-cloud.appspot.com/cover_image/89884e504efae9367ede2accfbbbff78',2024,'Được sự ủng hộ của tác giả \'\'Chainsaw Man  của Tatsuki Fujimoto,jigokuraku của Yuji Kaku, một chàng trai otaku đam mê huyền bí không tin vào ma quỷ và Ayase, một cô gái không tin vào người ngoài hành tinh, gặp phải một bí ẩn quá lớn vượt quá sự hiểu biết của bản thân. Câu chuyện tình bi hài pha lẫn kinh dị và huyền bí !! cập nhật hàng tuần trên JUmp+',8,1,0,3,3,6,2,3,'2024-11-08 14:17:14','2024-12-22 02:21:14',0,NULL),(52,' Maigo Ni Natteita Youjo Wo Tasuketara, Otonari Ni Sumu Bishoujo Ryuugakusei Ga Ie Ni Asobi Ni Kuru You Ni Natta Ken Nitsuite','Sau khi giúp đỡ cô em gái bị lạc, câu chuyện tình yêu của tôi với cô nàng du học sinh phòng bên xinh đẹp đã bắt đầu','https://storage.googleapis.com/storage-manga-cloud.appspot.com/cover_image/1690bf5e36734818082c11c948a15f9b',2024,'Một ngày nọ, Charlotte Bennett du học và chuyển tới lớp của Akihito Aoyagi. Tất cả bạn cùng lớp đều bị thu hút trước sự ngây thơ, tao nhã và vẻ ngoài dễ thương của cô, nhưng riêng Akihito lại bình thản cho rằng cô thuộc một thế giới khác nên đã lùi bước về sau. Song khi cậu giúp đỡ Emma, em gái của Charlotte, khi cô bé đi lạc, cuộc sống thường nhật của Akihito đã thay đổi chóng mặt. Khi biết chị em nhà Bennett sống ngay phòng bên của khu chung cư và đồng thời Emma cũng quấn lấy Akihito, hai người đã đến phòng cậu mỗi ngày. Cả ba cùng chơi đô-mi-nô, ăn chung bàn và ra ngoài cùng nhau. Càng dành thời gian với người kia, Akihito và Charlotte dù ngờ ngệch cũng dần trở nên thân thiết― Câu chuyện tình phòng bên hài hước đầy hấp dẫn chính thức bắt đầu!',8,1,0,0,0,0,0,0,'2024-11-08 14:18:09','2024-11-08 14:18:09',1,NULL),(53,' Kimi No Koto Ga Dai Dai Dai Dai Daisuki Na 100-Ri No Kanojo','100 Cô Bạn Gái, Người Mà Thực Sự, Thật Sự, Cực Kì Yêu Bạn','https://storage.googleapis.com/storage-manga-cloud.appspot.com/cover_image/66188f44c7d7801ed4ecbf0643881606',2024,NULL,8,1,0,0,0,0,0,0,'2024-11-08 14:18:53','2024-11-08 14:18:53',0,NULL),(54,'Độc Thoại Của Người Dược Sĩ','Dược Sư Tự Sự (FULL HD); Dược Sư Tự Sự - Nhật ký giải mã bí ẩn chốn Hậu cung của Maomao','https://storage.googleapis.com/storage-manga-cloud.appspot.com/cover_image/58df5a5e88fc95cf9dae8599651c7b20',2024,'Ở trong triều đình, một cô gái trẻ bị trở thành nô tì, Maomao. Câu chuyện mở đầu khi Maomao (bác sĩ từ phố đèn đỏ) nghe về chuyện con của hoàng đế bị chết non. Bản tính hiếu kì và khát vọng tri thức đã làm cô phải ra tay. Vậy thì cô đã tìm ra được gì? Chuyện gì đang xảy ra trong triều đình?',8,1,0,0,0,0,0,0,'2024-11-08 14:19:34','2024-11-08 14:19:34',0,NULL),(55,'The Fragrant Flower Blooms With Dignity - Kaoru Hana Wa Rin To Saku','Những đóa hoa thơm nở diễm kiều; Kaoru Hana Wa Rin To Saku','https://storage.googleapis.com/storage-manga-cloud.appspot.com/cover_image/94a51d38715ddf9cdce8e2d26c470552',2024,'Ở một nơi nào đó, có 2 trường cao trung lân cận. Cao trung Chidori, một trường nam sinh cấp thấp hội tụ đủ những thằng đần, trường nữ sinh Kikyo, một trường nữ sinh danh giá . Rintaro Tsugumi, một nam sinh năm 2 to khỏe và trầm tính tại trường Chidori, bắt gặp Kaoruko Waguri, một khách hàng khi cậu đang giúp việc tại cửa hàng bánh nhà mình . Rintaro cảm thấy thoải mái khi dành thời gian bên Kaoruko, nhưng cô lại là học sinh của trường Kikyo, ngôi trường hàng xóm cực kì căm ghét trường Chidori. Đây là câu chuyện về 2 con người ở rất gần nhưng lại rất xa',8,1,0,0,0,0,0,0,'2024-11-08 14:20:20','2024-11-08 14:20:20',0,NULL),(56,' Sakamoto Days','Sát Thủ Về Vườn; Sakamoto Days (FULL HD)','https://storage.googleapis.com/storage-manga-cloud.appspot.com/cover_image/1626bf2a9a3c8565c0e5fc3c4758dce8',2024,'Taro Sakamoto là sát thủ huyền thoại , được các nhân vật phản diện khiếp sợ và các sát thủ ngưỡng mộ. Nhưng một ngày ... anh đã yêu! Giải nghệ, kết hôn, làm cha và sau đó ... Sakamoto đã trở thành con lợn sề ! Anh chàng mũm mĩm điều hành cửa hàng hàng xóm thực sự là một cựu sát thủ huyền thoại giấu nghề ! Liệu anh ấy có thể bảo vệ gia đình mình khỏi nguy hiểm? Hãy sẵn sàng để trải nghiệm một bộ manga shounen hài hành động mới! được xuất bản hàng tuần trên Tạp chí Shounen',8,1,0,0,0,0,1,1,'2024-11-08 14:21:20','2024-11-08 14:21:20',0,NULL),(57,'Onepunch Man','Onepunch Man','https://storage.googleapis.com/storage-manga-cloud.appspot.com/cover_image/2a3fe9b09b4401633f5ebed656078d36',2024,'Onepunch-Man là một Manga thể loại siêu anh hùng với đặc trưng phồng tôm đấm phát chết luôn… Lol!!! Nhân vật chính trong Onepunch-man là Saitama, một con người mà nhìn đâu cũng thấy “tầm thường”, từ khuôn mặt vô hồn, cái đầu trọc lóc, cho tới thể hình long tong. Tuy nhiên, con người nhìn thì tầm thường này lại chuyên giải quyết những vấn đề hết sức bất thường. Anh thực chất chính là một siêu anh hùng luôn tìm kiếm cho mình một đối thủ mạnh. Vấn đề là, cứ mỗi lần bắt gặp một đối thủ tiềm năng, thì đối thủ nào cũng như đối thủ nào, chỉ ăn một đấm của anh là… chết luôn. Liệu rằng Onepunch-Man Saitaman có thể tìm được cho mình một kẻ ác dữ dằn đủ sức đấu với anh? Hãy theo bước Saitama trên con đường một đấm tìm đối cực kỳ hài hước của anh!!',8,1,0,1,1,3,0,0,'2024-11-08 14:22:06','2024-12-09 11:54:37',0,21),(58,' Arya Bàn Bên Thỉnh Thoảng Lại Trêu Ghẹo Tôi Bằng Tiếng Nga','My Deskmate Alya Sometimes Hides Her Feelings in Russian; Tokidoki Bosotto Roshia-go de Dereru Tonari no Ārya-san; Arya-san bàn bên thi thoảng lại thả thính tôi bằng tiếng Nga','https://storage.googleapis.com/storage-manga-cloud.appspot.com/cover_image/59a5aa7bb943a15ed17c5351d2c7964c',2024,'Tôi- một cậu học sinh lười nhát nhất trường, lại không có tài cán gì đặc biệt. Tình cờ hôm nọ, tôi bắt gặp được Arya- cô bạn bàn bên mới chuyển đến trưởng tôi. Với lực học luôn đứng top 1 lớp đã thế lại giỏi thể thao, Arya sớm gây được ấn tượng với tụi con trai trong trường. Thế nhưng cô nàng bàn bên này lại chỉ thích ghẹo và mắng tôi mới lại. Liệu phải chăng Arya đã phải lòng một thằng loser như tôi rồi không? Mời độc giả hãy cùng đón đọc nhé!!!',8,1,0,0,0,0,0,0,'2024-11-08 14:22:56','2024-11-08 14:22:56',0,NULL),(59,'Wistoria Bản Hùng Ca Kiếm Và Pháp Trượng','Wistoria\'s Wand And Sword','https://storage.googleapis.com/storage-manga-cloud.appspot.com/cover_image/aa9c4d1584ae450fe81714b5926498e2',2024,'``Có sai không khi cố nhặt những cô gái trong ngục tối?\'\' Fujino Omori giải phóng một ảo mộng về ngục tối! Để thực hiện lời hứa thời thơ ấu, một cậu bé cầm lấy một thanh kiếm và nhắm đến đỉnh cao của thế giới phép thuật. Anh ta không có sức mạnh ma thuật, nhưng chỉ có một cách duy nhất để đạt đến đỉnh cao... \"Đánh bại quái vật trong ngục tối!\" Bây giờ, cuộc phiêu lưu bắt đầu trong mê cung!',8,1,0,0,0,0,0,0,'2024-11-08 14:25:23','2024-11-08 14:25:23',0,NULL),(60,'Thanh Gươm Diệt Quỷ','Kimetsu no yaiba','https://storage.googleapis.com/storage-manga-cloud.appspot.com/cover_image/45124a383bb67c69e87e117c4fe00e4e',2024,'Kimetsu no Yaiba – Tanjirou là con cả của gia đình vừa mất cha. Một ngày nọ, Tanjirou đến thăm thị trấn khác để bán than, khi đêm về cậu ở nghỉ tại nhà người khác thay vì về nhà vì lời đồn thổi về ác quỷ luôn rình mò gần núi vào buổi tối. Khi cậu về nhà vào ngày hôm sau, bị kịch đang đợi chờ cậu…',8,1,0,0,0,0,1,1,'2024-11-08 14:27:19','2024-11-08 14:27:19',0,NULL),(61,'Cuộc Phiêu Lưu Của Bé Sui','Tondemo Skill De Isekai Hourou Meshi Sui No Dai Bouken','https://storage.googleapis.com/storage-manga-cloud.appspot.com/cover_image/841bda663d17d03076eece9092bcd696',2024,'Dựa theo bộ \"Tondemo Skill De Isekai Hourou Meshi\", bộ truyện này sẽ kể về hành trình của bé slime và cũng là ma thú đồng hành với nhân vật chính của bộ truyện',8,1,0,0,0,0,0,0,'2024-11-08 14:29:00','2024-11-08 14:29:00',0,NULL),(62,'Jujutsu Kaisen ','Chú Thuật Hồi Chiến','https://storage.googleapis.com/storage-manga-cloud.appspot.com/cover_image/838cd902f49dd481dc3f82745748d3e8',2024,'Yuuji Itadori là một thiên tài có tốc độ và sức mạnh, nhưng cậu ấy muốn dành thời gian của mình trong Câu lạc bộ Tâm Linh. Một ngày sau cái chết của ông mình, anh gặp Megumi Fushiguro, người đang tìm kiếm vật thể bị nguyền rủa mà các thành viên CLB đã tìm thấy.\r\nĐối mặt với những con quái vật khủng khiếp bị \"Ám\", Yuuji nuốt vật thể bị phong ấn để có được sức mạnh của nó và cứu bạn bè của mình! Nhưng giờ Yuuji là người bị \"Ám\", và cậu ấy sẽ bị kéo vào thế giới ma quỷ ly kỳ của Megumi và những con quái vật độc ác ...',8,1,0,0,0,0,1,1,'2024-11-08 14:29:39','2024-11-08 14:29:56',0,12),(63,'Fairy Tail','Hội Pháp Sư: Nhiệm Vụ 100 Năm','https://storage.googleapis.com/storage-manga-cloud.appspot.com/cover_image/d59643a610ba14f804249eb3ddb6c156',2024,'Tuyện tiếp nối chap 545 của Fairy Tail, khi nhóm Natsu đi làm nhiệm vụ trăm năm.',8,1,0,0,0,0,2,2,'2024-11-08 14:30:47','2024-11-08 14:30:47',0,12),(64,'Là Healer Nhưng Lại Có Mặt Trên Chiến Trường','Là Healer Nhưng Lại Có Mặt Trên Chiến Trường','https://storage.googleapis.com/storage-manga-cloud.appspot.com/cover_image/3aa5571f982a3ed412400cf4eed9735e',2024,'Vào một ngày bão bùng, cậu học sinh bình thường như bao người - Usato Ken bị triệu hồi tới thế giới khác cùng 2 người cực kì tài năng Inukami Suzune và Ryuusen Kazuki. Cả 2 người kia đều sở hữu sức mạnh khủng nhưng anh main nhà ta thì lại có hàng khủng hơn - trị liệu thuật ... Liệu anh main có thể dùng năng lực của mình tung hoành trong thế giới mới này hay không đây',8,1,0,0,0,0,3,2,'2024-11-08 14:32:12','2024-11-08 14:32:38',0,NULL),(65,'Let This Grieving Soul Retire ! Woe is the Weakling Who Leads the Strongest Party','Strange Grief Wants to Retire ~ The Weakest Hunter Dreams of a Hero ~ Nageki no Bourei wa Intai Shitai - Saijiyaku Hanta ni Yoru Saikiyou Patei Ikusei Jutsu','https://storage.googleapis.com/storage-manga-cloud.appspot.com/cover_image/76f5c36458b8e8f766767c2e5ad170a6',2024,'Tồn tại trên khắp thế giới là những《Thánh tích》với quyền năng đặc biệt.\r\n\r\nCủa cải, danh tiếng và sức mạnh.\r\n\r\nTheo đuổi vinh quang, một thời đại nơi các《Thợ săn kho báu》điên cuồng khám phá các《Đền kho báu》bất chấp nguy hiểm.\r\n\r\nCùng với những người bạn thời thơ ấu, Cry chia sẻ giấc mơ trở thành thợ săn. Trong chuyến thám hiểm đầu tiên, cậu nhận ra rằng trong 6 người bọn họ, cậu là kẻ duy nhất không có tài năng.\r\n\r\nTuy nhiên, đó mới chỉ là khởi đầu cho chuyến hành trình của họ.\r\n\r\n“Thật quá sức mà. Mình muốn nghỉ cái nghề nguy hiểm này ngay. Mình bỏ đây.”\r\n\r\n“Được, hiểu rồi. Nói cách khác bọn mình phải mạnh hơn để thay cho cả phần cậu nữa chứ gì. Thử thách hay lắm.”\r\n\r\n“Đừng lo Cry-chan. Bọn mình chắc chắn sẽ bảo vệ cậu mà.”\r\n\r\n“Ah dừng lại. Nếu anh dẫm lên đó anh sẽ bị thổi bay đấy. Cẩn thận nhé, Lãnh đạo ?”\r\n\r\nĐược bảo vệ bởi những người bạn thuở nhỏ siêu mạnh, ỷ lại vào đàn em và các thợ săn khác – họ nhắm đến việc trở thành người hùng và đạt lấy báu vật.\r\n\r\nLiệu Cry có thể bình an nghỉ hưu không đây ?',8,0,0,0,0,0,1,0,'2024-11-08 14:34:09','2024-11-08 14:34:55',0,NULL),(66,'Too Many Losing Heroines!','Có quá nhiều nữ chính thua cuộc!, Makein','https://storage.googleapis.com/storage-manga-cloud.appspot.com/cover_image/179cb101672da9b05938a079eaf0f95b',2024,'“Hử? Cậu gọi ai là đồ thua cuộc cơ?”\r\n\r\nTôi, Nukumizu Kazuhiko, một nhân vật làm nền trong lớp, chứng kiến cảnh cô nàng nổi tiếng – Yanami Anna bị một nam sinh khác từ chối.\r\n\r\n“Dù cho cậu ấy đã từng nói bọn mình sẽ kết hôn đấy. Cậu có thấy cậu ấy quá đáng không?”\r\n\r\n“Cậu ấy nói thế lúc nào vậy?”\r\n\r\n“Hồi bọn tớ 4 hay 5 tuổi gì đó.”\r\n\r\n--Thế thì đâu có tính?\r\n\r\nCùng với cô nàng còn có những nữ chính thua cuộc khác như Yakishio Lemon của Câu lạc bộ Điền kinh và Komari Chika từ Câu lạc bộ Văn học.\r\n\r\n“Nukumizu-kun nè, trên đời này chỉ có hai loại con gái. Một là bạn thuở nhỏ, còn lại là lũ đàn bà giựt bồ.”\r\n\r\nTuyên bố táo bạo dữ ha.\r\n\r\nCó một loại vận mệnh rằng có những người chỉ thực sự toả sáng sau khi đã thua cuộc.\r\n\r\nNhững nữ chính thua cuộc—Bức màn câu chuyện tuổi mới lớn mang tên “Makeine” sẽ lật mở ngay bây giờ!',8,0,0,10,10,144,7,8,'2024-11-08 14:37:14','2024-12-18 12:38:13',0,12),(70,'Komi - Nữ thần sợ giao tiếp','Comi-san ha Comyusho Desu. Komi Can\'t Communicate Komi-san Can\'t Communicate. Komi-san Has a Communication Disorder.','https://storage.googleapis.com/storage-manga-cloud.appspot.com/cover_image/aff89768b91453e4715d1d97515e0de9',2024,'Komi-san is a beautiful and admirable girl that no one can take their eyes off of. Almost the whole school sees her as the cold beauty that\'s out of their league, but Tadano Hitohito knows the truth: she\'s just really bad at communicating with others.\r\n\r\nKomi-san, who wishes to fix this bad habit of hers, tries to improve it with the help of Tadano-kun by achieving her goal of having 100 friends.',8,1,1,3,3,6,1,1,'2024-12-09 08:42:29','2024-12-09 11:35:32',0,NULL);
/*!40000 ALTER TABLE `mangas` ENABLE KEYS */;
UNLOCK TABLES;

--
-- Table structure for table `notifications`
--

DROP TABLE IF EXISTS `notifications`;
/*!40101 SET @saved_cs_client     = @@character_set_client */;
/*!50503 SET character_set_client = utf8mb4 */;
CREATE TABLE `notifications` (
  `NotificationId` int NOT NULL AUTO_INCREMENT,
  `UserId` int DEFAULT NULL,
  `Message` text NOT NULL,
  `IsRead` tinyint(1) DEFAULT '0' COMMENT '0: is not read, 1: is read',
  `CreateAt` timestamp NULL DEFAULT CURRENT_TIMESTAMP,
  `MangaId` int DEFAULT NULL,
  PRIMARY KEY (`NotificationId`),
  KEY `UserId` (`UserId`),
  KEY `notifications_ibfk_2_idx` (`MangaId`),
  CONSTRAINT `notifications_ibfk_1` FOREIGN KEY (`UserId`) REFERENCES `users` (`UserId`) ON DELETE CASCADE ON UPDATE CASCADE,
  CONSTRAINT `notifications_ibfk_2` FOREIGN KEY (`MangaId`) REFERENCES `mangas` (`MangaId`) ON DELETE CASCADE ON UPDATE CASCADE
) ENGINE=InnoDB AUTO_INCREMENT=89 DEFAULT CHARSET=utf8mb4 COLLATE=utf8mb4_0900_ai_ci;
/*!40101 SET character_set_client = @saved_cs_client */;

--
-- Dumping data for table `notifications`
--

LOCK TABLES `notifications` WRITE;
/*!40000 ALTER TABLE `notifications` DISABLE KEYS */;
INSERT INTO `notifications` VALUES (16,1,'New chapter released',0,'2024-11-17 00:12:26',66),(17,2,'New chapter released',0,'2024-11-17 00:12:26',66),(18,15,'New chapter released',0,'2024-11-17 00:12:26',66),(19,1,'New chapter released',0,'2024-11-17 00:13:02',66),(20,2,'New chapter released',0,'2024-11-17 00:13:02',66),(21,15,'New chapter released',0,'2024-11-17 00:13:02',66),(22,1,'New chapter released',0,'2024-11-17 00:15:12',66),(23,2,'New chapter released',0,'2024-11-17 00:15:12',66),(24,15,'New chapter released',1,'2024-11-17 00:15:12',66),(25,1,'New chapter released',1,'2024-11-17 00:15:45',66),(26,2,'New chapter released',0,'2024-11-17 00:15:45',66),(27,15,'New chapter released',1,'2024-11-17 00:15:45',66),(28,1,'New chapter released',0,'2024-11-17 00:17:19',66),(29,2,'New chapter released',0,'2024-11-17 00:17:19',66),(30,15,'New chapter released',0,'2024-11-17 00:17:19',66),(31,1,'New chapter released',0,'2024-11-17 00:17:41',66),(32,2,'New chapter released',0,'2024-11-17 00:17:41',66),(33,15,'New chapter released',1,'2024-11-17 00:17:41',66),(34,1,'New chapter released',0,'2024-11-17 00:18:01',66),(35,2,'New chapter released',0,'2024-11-17 00:18:01',66),(36,15,'New chapter released',1,'2024-11-17 00:18:01',66),(37,1,'New chapter released',0,'2024-11-17 00:18:34',66),(38,2,'New chapter released',0,'2024-11-17 00:18:34',66),(39,15,'New chapter released',1,'2024-11-17 00:18:34',66),(40,1,'New chapter released',1,'2024-11-17 00:18:56',66),(41,2,'New chapter released',0,'2024-11-17 00:18:56',66),(42,15,'New chapter released',1,'2024-11-17 00:18:56',66),(43,1,'New chapter released',0,'2024-11-17 00:19:40',45),(44,1,'New chapter released',0,'2024-11-17 00:19:56',45),(45,1,'New chapter released',0,'2024-11-17 00:20:09',45),(46,1,'New chapter released',0,'2024-11-17 00:20:33',46),(47,1,'New chapter released',1,'2024-11-17 00:20:45',46),(48,1,'New chapter released',1,'2024-11-17 00:20:57',46),(49,1,'New chapter released',1,'2024-11-17 00:21:22',43),(50,1,'New chapter released',1,'2024-11-17 00:21:47',43),(51,1,'New chapter released',1,'2024-11-17 00:22:01',43),(52,1,'New chapter released',0,'2024-12-09 07:31:45',51),(53,1,'New chapter released',0,'2024-12-09 07:34:24',51),(54,26,'New chapter released',1,'2024-12-09 07:34:24',51),(55,28,'New chapter released',1,'2024-12-09 08:48:15',70),(57,28,'New chapter released',1,'2024-12-09 11:35:32',70),(58,1,'New chapter released',0,'2024-12-09 12:10:18',66),(59,2,'New chapter released',0,'2024-12-09 12:10:18',66),(60,15,'New chapter released',0,'2024-12-09 12:10:18',66),(61,17,'New chapter released',1,'2024-12-09 12:10:18',66),(62,26,'New chapter released',0,'2024-12-09 12:10:18',66),(63,28,'New chapter released',1,'2024-12-09 12:10:18',66),(64,1,'New chapter released',0,'2024-12-11 16:54:38',45),(65,28,'New chapter released',0,'2024-12-11 16:54:38',45),(66,1,'New chapter released',0,'2024-12-18 12:38:13',66),(67,2,'New chapter released',0,'2024-12-18 12:38:13',66),(68,15,'New chapter released',0,'2024-12-18 12:38:13',66),(69,17,'New chapter released',0,'2024-12-18 12:38:13',66),(70,26,'New chapter released',0,'2024-12-18 12:38:13',66),(71,28,'New chapter released',0,'2024-12-18 12:38:13',66),(72,1,'New chapter released',0,'2024-12-19 00:38:44',45),(73,28,'New chapter released',0,'2024-12-19 00:38:44',45),(74,1,'New chapter released',0,'2024-12-19 04:46:58',45),(75,15,'New chapter released',0,'2024-12-19 04:46:58',45),(76,28,'New chapter released',0,'2024-12-19 04:46:58',45),(77,1,'New chapter released',0,'2024-12-19 04:48:10',43),(78,28,'New chapter released',0,'2024-12-19 04:48:10',43),(79,1,'New chapter released',0,'2024-12-22 02:06:29',45),(80,15,'New chapter released',0,'2024-12-22 02:06:29',45),(81,28,'New chapter released',0,'2024-12-22 02:06:29',45),(82,1,'New chapter released',0,'2024-12-22 02:21:14',51),(83,17,'New chapter released',0,'2024-12-22 02:21:14',51),(84,26,'New chapter released',0,'2024-12-22 02:21:14',51),(85,1,'New chapter released',0,'2024-12-22 12:52:18',45),(86,15,'New chapter released',1,'2024-12-22 12:52:18',45),(87,28,'New chapter released',0,'2024-12-22 12:52:18',45),(88,29,'New chapter released',1,'2024-12-22 12:52:18',45);
/*!40000 ALTER TABLE `notifications` ENABLE KEYS */;
UNLOCK TABLES;

--
-- Table structure for table `plan_mangas`
--

DROP TABLE IF EXISTS `plan_mangas`;
/*!40101 SET @saved_cs_client     = @@character_set_client */;
/*!50503 SET character_set_client = utf8mb4 */;
CREATE TABLE `plan_mangas` (
  `PlanId` int NOT NULL,
  `MangaId` int NOT NULL,
  PRIMARY KEY (`PlanId`,`MangaId`),
  KEY `subscription_chapters_ibfk_2_idx` (`MangaId`) /*!80000 INVISIBLE */,
  CONSTRAINT `plan_mangas_ibfk_1` FOREIGN KEY (`PlanId`) REFERENCES `plans` (`PlanId`) ON DELETE CASCADE ON UPDATE CASCADE,
  CONSTRAINT `plan_mangas_ibfk_2` FOREIGN KEY (`MangaId`) REFERENCES `mangas` (`MangaId`) ON DELETE CASCADE ON UPDATE CASCADE
) ENGINE=InnoDB DEFAULT CHARSET=utf8mb4 COLLATE=utf8mb4_0900_ai_ci;
/*!40101 SET character_set_client = @saved_cs_client */;

--
-- Dumping data for table `plan_mangas`
--

LOCK TABLES `plan_mangas` WRITE;
/*!40000 ALTER TABLE `plan_mangas` DISABLE KEYS */;
INSERT INTO `plan_mangas` VALUES (21,43),(21,45),(21,46),(23,43),(23,45),(23,46),(23,58),(23,59),(23,66),(24,43),(24,62),(24,63),(24,65),(27,45),(28,61),(28,63),(29,51),(32,66),(33,46),(39,66);
/*!40000 ALTER TABLE `plan_mangas` ENABLE KEYS */;
UNLOCK TABLES;

--
-- Table structure for table `plans`
--

DROP TABLE IF EXISTS `plans`;
/*!40101 SET @saved_cs_client     = @@character_set_client */;
/*!50503 SET character_set_client = utf8mb4 */;
CREATE TABLE `plans` (
  `PlanId` int NOT NULL AUTO_INCREMENT,
  `PlanName` varchar(100) NOT NULL,
  `Price` int NOT NULL COMMENT 'price is vnd, need to multiply 1000 to remove the decimal',
  `Duration` int DEFAULT NULL COMMENT 'Duration in days, if null means user can own this subscriptions forever',
  `Description` text,
  `StartAt` timestamp NULL DEFAULT CURRENT_TIMESTAMP,
  `EndAt` timestamp NULL DEFAULT NULL COMMENT 'End date of subscription plan, if null means still available in future',
  `CreateAt` timestamp NULL DEFAULT CURRENT_TIMESTAMP,
  `UpdateAt` timestamp NULL DEFAULT CURRENT_TIMESTAMP ON UPDATE CURRENT_TIMESTAMP,
  `CanReadAll` tinyint DEFAULT '0' COMMENT '0: read paid manga that in subscription list, 1: can read all paid manga',
  PRIMARY KEY (`PlanId`)
) ENGINE=InnoDB AUTO_INCREMENT=40 DEFAULT CHARSET=utf8mb4 COLLATE=utf8mb4_0900_ai_ci;
/*!40101 SET character_set_client = @saved_cs_client */;

--
-- Dumping data for table `plans`
--

LOCK TABLES `plans` WRITE;
/*!40000 ALTER TABLE `plans` DISABLE KEYS */;
INSERT INTO `plans` VALUES (20,'WEEKLY',100000,7,'gói daily 7 ngày đọc tất cả các truyện yêu cầu trả phí trên hệ thống','2024-11-22 19:08:00',NULL,'2024-11-23 02:08:42','2024-12-09 08:35:30',1),(21,'Shikanoko 1',50000,14,'Gói đọc truyện Shikanoko và blue box giá siêu rẻ','2024-11-22 19:08:00','2024-11-25 02:09:00','2024-11-23 02:09:28','2024-12-09 08:34:36',0),(22,'YEARLY',1000000,365,'Gói đọc tất cả các truyện yêu cầu trả phí trong 1 năm trên hệ thống.','2024-11-22 19:09:00',NULL,'2024-11-23 02:10:17','2024-12-09 08:37:47',1),(23,'RomancePlan',50000,14,'Gói đọc các truyện Romance. Vui lòng xem chi tiết các truyện được bao gồm trong gói.','2024-11-22 19:10:00',NULL,'2024-11-23 02:11:15','2024-12-09 08:34:36',0),(24,'ActionPlan',50000,14,'Đọc các truyện action. Chi tiết các truyện được truy cập vui lòng xem mục danh sách truyện','2024-11-22 19:11:00',NULL,'2024-11-23 02:12:00','2024-12-09 08:37:53',0),(25,'MONTHLY',300000,31,'Gói đọc các truyện trả phí trong 1 tháng','2024-11-22 19:12:00',NULL,'2024-11-23 02:12:30','2024-12-09 08:37:06',1),(27,'SXFam',50000,15,'gói đọc truyện spy x family siêu hạt dẻ','2024-11-22 19:13:00',NULL,'2024-11-23 02:14:15','2024-12-09 08:39:43',0),(28,'ADVENTURE',50000,14,'Gói đọc truyện adventure ','2024-11-22 19:14:00',NULL,'2024-11-23 02:14:39','2024-12-09 08:34:36',0),(29,'DDD15',50000,15,'DAN DAN DAN','2024-11-22 19:14:00',NULL,'2024-11-23 02:15:01','2024-12-09 08:34:36',0),(31,'NONAME',50000,14,'','2024-11-22 19:15:00',NULL,'2024-11-23 02:15:44','2024-12-09 08:34:36',1),(32,'MAKEIN',50000,14,'Gói đọc LN Makeine 14 ngày','2024-11-22 22:03:00',NULL,'2024-11-23 05:04:10','2024-12-21 09:09:04',0),(33,'BLUEBOX',50000,14,'Gói đọc truyện BLUE BOX','2024-12-09 01:38:00',NULL,'2024-12-09 08:38:29','2024-12-09 08:38:29',0),(34,'GIANGSINH2024',100000,14,'','2024-12-09 02:08:00',NULL,'2024-12-09 09:08:50','2024-12-09 09:08:58',1),(39,'Gói mới 123',50000,14,'','2024-12-23 05:53:00',NULL,'2024-12-22 12:53:54','2024-12-22 12:53:54',0);
/*!40000 ALTER TABLE `plans` ENABLE KEYS */;
UNLOCK TABLES;

--
-- Table structure for table `reviews`
--

DROP TABLE IF EXISTS `reviews`;
/*!40101 SET @saved_cs_client     = @@character_set_client */;
/*!50503 SET character_set_client = utf8mb4 */;
CREATE TABLE `reviews` (
  `ReviewId` int NOT NULL AUTO_INCREMENT,
  `UserId` int DEFAULT NULL,
  `MangaId` int DEFAULT NULL,
  `Context` text,
  `CreateAt` timestamp NULL DEFAULT CURRENT_TIMESTAMP,
  `IsHide` tinyint DEFAULT '0' COMMENT '0: not hide, 1: is hidden',
  PRIMARY KEY (`ReviewId`),
  KEY `UserId` (`UserId`),
  KEY `MangaId` (`MangaId`),
  CONSTRAINT `reviews_ibfk_1` FOREIGN KEY (`UserId`) REFERENCES `users` (`UserId`) ON DELETE CASCADE ON UPDATE CASCADE,
  CONSTRAINT `reviews_ibfk_2` FOREIGN KEY (`MangaId`) REFERENCES `mangas` (`MangaId`) ON DELETE CASCADE ON UPDATE CASCADE
) ENGINE=InnoDB AUTO_INCREMENT=39 DEFAULT CHARSET=utf8mb4 COLLATE=utf8mb4_0900_ai_ci;
/*!40101 SET character_set_client = @saved_cs_client */;

--
-- Dumping data for table `reviews`
--

LOCK TABLES `reviews` WRITE;
/*!40000 ALTER TABLE `reviews` DISABLE KEYS */;
INSERT INTO `reviews` VALUES (9,1,66,'truyện này hay quá','2024-11-17 00:23:53',0),(10,1,43,'vô tri như đồng nai OwO','2024-11-17 00:24:07',0),(11,1,46,'romcom đích thực','2024-11-17 00:24:15',0),(12,2,43,'truyện hay ghê','2024-11-17 00:24:32',0),(13,2,66,'yanami thua thế nào được ','2024-11-17 00:24:46',0),(14,2,46,'hãy để hina nấu','2024-11-17 00:24:55',1),(15,2,45,'buồn cười :))','2024-11-17 00:25:08',1),(16,2,45,'hahaha','2024-11-17 00:25:13',0),(17,1,43,'shikanoko nokotan','2024-12-05 02:37:28',0),(18,1,43,'Uwu','2024-12-05 02:37:47',0),(19,1,43,'hi mọi người','2024-12-05 02:37:58',0),(20,1,43,'Koshi Torako thật tuyệt vời','2024-12-05 02:38:10',0),(21,1,43,'quá khứ yankee onee chan','2024-12-05 02:38:26',0),(22,1,66,'lemon-channnn','2024-12-05 02:51:39',0),(23,1,66,'komariiiiii','2024-12-05 02:51:45',0),(24,1,66,'nukun chuẩn công tử rồi','2024-12-05 02:52:02',0),(25,1,66,'em gái dễ thương ghê :3','2024-12-05 02:52:12',0),(26,1,66,'hahaha loser ','2024-12-05 02:52:38',0),(27,1,66,'motip truyện mới nên cũng khá thú vị','2024-12-05 02:52:52',0),(28,1,66,'truyen hay phet :3','2024-12-05 03:08:23',0),(29,1,66,'Motip moi la ','2024-12-05 03:10:23',0),(30,1,66,'Aaaaaaaaaaaaaaaaaaaaaaaa Aaaaaaaaaaaaaaaaaaaaaaaa Aaaaaaaaaaaaaaaaaaaaaaaa Aaaaaaaaaaaaaaaaaaaaaaaa Aaaaaaaaaaaaaaaaaaaaaaaa','2024-12-05 04:15:57',1),(31,26,51,'hành trình tìm 2 hòn bi vàng :))))\nhài quá trời hài luôn :)))\n','2024-12-09 07:40:29',0),(32,28,51,'khứa này hài :)))','2024-12-09 09:06:58',1),(33,15,43,'Shikanokooo','2024-12-11 16:46:04',0),(34,15,43,'Shikanokooo','2024-12-11 16:46:06',0),(35,15,43,'Shikanokooo','2024-12-11 16:46:09',0),(36,15,43,'Shikanokooo','2024-12-11 16:46:11',0),(37,15,43,'Shika','2024-12-18 12:17:31',0),(38,29,45,'Spy','2024-12-22 12:58:26',1);
/*!40000 ALTER TABLE `reviews` ENABLE KEYS */;
UNLOCK TABLES;

--
-- Table structure for table `roles`
--

DROP TABLE IF EXISTS `roles`;
/*!40101 SET @saved_cs_client     = @@character_set_client */;
/*!50503 SET character_set_client = utf8mb4 */;
CREATE TABLE `roles` (
  `RoleId` int NOT NULL AUTO_INCREMENT,
  `RoleName` varchar(255) NOT NULL,
  PRIMARY KEY (`RoleId`)
) ENGINE=InnoDB AUTO_INCREMENT=3 DEFAULT CHARSET=utf8mb4 COLLATE=utf8mb4_0900_ai_ci;
/*!40101 SET character_set_client = @saved_cs_client */;

--
-- Dumping data for table `roles`
--

LOCK TABLES `roles` WRITE;
/*!40000 ALTER TABLE `roles` DISABLE KEYS */;
INSERT INTO `roles` VALUES (1,'Admin'),(2,'User');
/*!40000 ALTER TABLE `roles` ENABLE KEYS */;
UNLOCK TABLES;

--
-- Table structure for table `user_plans`
--

DROP TABLE IF EXISTS `user_plans`;
/*!40101 SET @saved_cs_client     = @@character_set_client */;
/*!50503 SET character_set_client = utf8mb4 */;
CREATE TABLE `user_plans` (
  `UserPlanId` int NOT NULL AUTO_INCREMENT,
  `UserId` int DEFAULT NULL,
  `PlanId` int DEFAULT NULL,
  `StartAt` timestamp NULL DEFAULT CURRENT_TIMESTAMP,
  `EndAt` timestamp NULL DEFAULT CURRENT_TIMESTAMP,
  `PaymentStatus` enum('pending','completed','failed') DEFAULT 'pending',
  `PaymentMethod` enum('vnpay','other') DEFAULT 'vnpay',
  `Price` int DEFAULT NULL,
  PRIMARY KEY (`UserPlanId`),
  KEY `UserId` (`UserId`),
  KEY `user_plans_ibfk_2` (`PlanId`),
  CONSTRAINT `user_plans_ibfk_1` FOREIGN KEY (`UserId`) REFERENCES `users` (`UserId`) ON DELETE CASCADE ON UPDATE CASCADE,
  CONSTRAINT `user_plans_ibfk_2` FOREIGN KEY (`PlanId`) REFERENCES `plans` (`PlanId`) ON DELETE RESTRICT ON UPDATE CASCADE
) ENGINE=InnoDB AUTO_INCREMENT=130 DEFAULT CHARSET=utf8mb4 COLLATE=utf8mb4_0900_ai_ci;
/*!40101 SET character_set_client = @saved_cs_client */;

--
-- Dumping data for table `user_plans`
--

LOCK TABLES `user_plans` WRITE;
/*!40000 ALTER TABLE `user_plans` DISABLE KEYS */;
INSERT INTO `user_plans` VALUES (44,1,32,'2024-11-24 03:08:22','2024-12-08 03:08:22','completed','vnpay',10000),(45,1,23,'2024-11-24 04:20:38','2024-11-24 04:20:38','pending','vnpay',10000),(46,1,23,'2024-11-24 04:22:21','2024-11-24 04:22:21','pending','vnpay',10000),(47,1,20,'2024-11-24 06:51:59','2024-11-24 06:51:59','pending','vnpay',10000),(48,1,20,'2024-11-24 06:52:49','2024-12-01 06:52:49','completed','vnpay',10000),(49,1,32,'2024-10-01 03:08:22','2024-11-08 03:08:22','completed','vnpay',20000),(50,2,23,'2024-10-07 03:08:22','2024-11-08 03:08:22','completed','vnpay',15000),(51,9,32,'2024-10-31 03:08:22','2024-11-10 03:08:22','completed','vnpay',36000),(52,1,20,'2024-12-06 02:49:04','2024-12-13 02:49:04','completed','vnpay',10000),(53,15,32,'2024-12-07 03:51:20','2024-12-07 03:51:20','pending','vnpay',10000),(54,15,32,'2024-12-07 03:52:00','2024-12-07 03:52:00','pending','vnpay',10000),(55,15,32,'2024-12-07 03:58:32','2024-12-07 03:58:32','pending','vnpay',10000),(56,15,32,'2024-12-07 04:00:29','2024-12-07 04:00:29','pending','vnpay',10000),(57,15,32,'2024-12-07 04:01:37','2024-12-07 04:01:37','pending','vnpay',10000),(58,15,32,'2024-12-07 04:03:05','2024-12-07 04:03:05','pending','vnpay',10000),(59,15,32,'2024-12-07 06:27:59','2024-12-07 06:27:59','pending','vnpay',10000),(60,15,32,'2024-12-07 06:28:10','2024-12-07 06:28:10','pending','vnpay',10000),(61,15,32,'2024-12-07 06:29:51','2024-12-07 06:29:51','pending','vnpay',10000),(62,15,32,'2024-12-07 06:30:26','2024-12-07 06:30:26','pending','vnpay',10000),(63,15,32,'2024-12-07 06:39:24','2024-12-07 06:39:24','pending','vnpay',10000),(64,15,32,'2024-12-07 06:41:25','2024-12-07 06:41:25','pending','vnpay',10000),(65,15,32,'2024-12-07 06:47:28','2024-12-07 06:47:28','pending','vnpay',10000),(66,15,32,'2024-12-07 06:48:05','2024-12-07 06:48:05','pending','vnpay',10000),(67,15,32,'2024-12-07 07:10:05','2024-12-07 07:10:05','pending','vnpay',10000),(68,15,32,'2024-12-07 07:12:48','2024-12-07 07:12:48','pending','vnpay',10000),(69,15,32,'2024-12-07 07:13:12','2024-12-07 07:13:12','pending','vnpay',10000),(70,15,32,'2024-12-07 07:14:07','2024-12-07 07:14:07','pending','vnpay',10000),(71,15,32,'2024-12-07 07:15:20','2024-12-07 07:15:20','pending','vnpay',10000),(72,15,32,'2024-12-07 07:15:52','2024-12-07 07:15:52','pending','vnpay',10000),(73,15,32,'2024-12-07 07:16:26','2024-12-07 07:16:26','pending','vnpay',10000),(74,15,32,'2024-12-07 15:14:56','2024-12-07 15:14:56','pending','vnpay',10000),(75,15,32,'2024-12-07 23:30:22','2024-12-07 23:30:22','pending','vnpay',10000),(76,15,32,'2024-12-07 23:31:32','2024-12-07 23:31:32','pending','vnpay',10000),(77,15,32,'2024-12-07 23:32:05','2024-12-07 23:32:05','pending','vnpay',10000),(78,15,32,'2024-12-07 23:33:59','2024-12-07 23:33:59','pending','vnpay',10000),(79,15,32,'2024-12-07 23:35:08','2024-12-07 23:35:08','pending','vnpay',10000),(80,15,32,'2024-12-08 00:07:51','2024-12-08 00:07:51','pending','vnpay',10000),(81,15,32,'2024-12-08 00:09:49','2024-12-08 00:09:49','pending','vnpay',10000),(82,15,32,'2024-12-08 00:12:16','2024-12-08 00:12:16','pending','vnpay',10000),(83,15,32,'2024-12-08 00:13:02','2024-12-08 00:13:02','pending','vnpay',10000),(84,15,32,'2024-12-08 00:13:32','2024-12-08 00:13:32','pending','vnpay',10000),(85,15,32,'2024-12-08 00:16:54','2024-12-08 00:16:54','pending','vnpay',10000),(86,15,32,'2024-12-08 00:17:18','2024-12-08 00:17:18','pending','vnpay',10000),(87,15,32,'2024-12-08 00:18:08','2024-12-08 00:18:08','pending','vnpay',10000),(88,15,32,'2024-12-08 00:19:36','2024-12-08 00:19:36','pending','vnpay',10000),(89,15,32,'2024-12-08 00:20:03','2024-12-08 00:20:03','pending','vnpay',10000),(90,15,32,'2024-12-08 00:20:47','2024-12-08 00:20:47','pending','vnpay',10000),(91,15,32,'2024-12-08 01:01:23','2024-12-08 01:01:23','pending','vnpay',10000),(92,15,32,'2024-12-08 01:01:53','2024-12-08 01:01:53','pending','vnpay',10000),(93,15,32,'2024-12-08 01:02:14','2024-12-08 01:02:14','pending','vnpay',10000),(94,15,32,'2024-12-08 01:22:16','2024-12-08 01:22:16','pending','vnpay',10000),(95,15,32,'2024-12-08 01:22:40','2024-12-08 01:22:40','pending','vnpay',10000),(96,15,32,'2024-12-08 01:23:28','2024-12-08 01:23:28','pending','vnpay',10000),(97,15,32,'2024-12-08 01:34:35','2024-12-22 01:34:35','completed','vnpay',10000),(98,26,32,'2024-12-07 05:54:14','2024-12-07 05:54:14','completed','vnpay',10000),(99,26,23,'2024-12-08 05:55:23','2024-12-08 05:55:23','pending','vnpay',10000),(100,26,23,'2024-12-08 05:56:31','2024-12-08 05:56:31','pending','vnpay',10000),(101,26,32,'2024-12-08 05:58:29','2024-12-08 05:58:29','pending','vnpay',10000),(102,26,32,'2024-12-08 05:59:54','2024-12-08 05:59:54','pending','vnpay',10000),(103,26,32,'2024-12-08 06:01:57','2024-12-22 06:01:57','completed','vnpay',10000),(104,25,32,'2024-12-09 00:51:39','2024-12-23 00:51:39','completed','vnpay',10000),(105,25,23,'2024-12-09 00:52:22','2024-12-09 00:52:22','pending','vnpay',10000),(106,25,23,'2024-12-09 00:54:55','2024-12-09 00:54:55','pending','vnpay',10000),(107,25,23,'2024-12-09 06:58:07','2024-12-09 06:58:07','pending','vnpay',10000),(108,25,23,'2024-12-09 06:59:21','2024-12-09 06:59:21','pending','vnpay',10000),(109,25,23,'2024-12-09 07:00:42','2024-12-23 07:00:42','completed','vnpay',10000),(110,28,32,'2024-12-09 08:28:37','2024-12-09 08:28:37','pending','vnpay',10000),(111,28,32,'2024-12-09 11:59:19','2024-12-23 11:59:19','completed','vnpay',50000),(112,17,32,'2024-12-09 12:09:34','2024-12-23 12:09:34','completed','vnpay',50000),(113,28,34,'2024-12-09 12:11:49','2024-12-23 12:11:49','completed','vnpay',100000),(114,15,23,'2024-12-11 17:08:26','2024-12-11 17:08:26','pending','vnpay',50000),(115,15,23,'2024-12-11 17:30:40','2024-12-11 17:30:40','pending','vnpay',50000),(116,15,20,'2024-12-19 00:40:29','2024-12-19 00:40:29','pending','vnpay',100000),(117,15,22,'2024-12-19 02:20:27','2024-12-19 02:20:27','pending','vnpay',1000000),(118,15,33,'2024-12-22 01:01:12','2024-12-22 01:01:12','pending','vnpay',50000),(119,15,33,'2024-12-22 01:04:39','2024-12-22 01:04:39','pending','vnpay',50000),(120,15,32,'2024-12-22 02:03:00','2025-01-05 02:03:00','completed','vnpay',50000),(121,17,20,'2024-12-22 02:18:19','2024-12-29 02:18:19','completed','vnpay',100000),(122,15,22,'2024-12-22 02:31:47','2024-12-22 02:31:47','pending','vnpay',1000000),(123,29,32,'2024-12-22 12:12:18','2024-12-22 12:12:18','pending','vnpay',50000),(124,29,32,'2024-12-22 12:15:12','2024-12-22 12:15:12','pending','vnpay',50000),(125,29,32,'2024-12-22 12:20:14','2024-12-22 12:20:14','pending','vnpay',50000),(126,29,32,'2024-12-22 12:22:00','2025-01-05 12:22:00','completed','vnpay',50000),(127,29,33,'2024-12-22 12:24:59','2025-01-05 12:24:59','completed','vnpay',50000),(128,15,33,'2024-12-22 12:50:49','2025-01-05 12:50:49','completed','vnpay',50000),(129,29,20,'2024-12-22 12:57:55','2024-12-29 12:57:55','completed','vnpay',100000);
/*!40000 ALTER TABLE `user_plans` ENABLE KEYS */;
UNLOCK TABLES;

--
-- Table structure for table `users`
--

DROP TABLE IF EXISTS `users`;
/*!40101 SET @saved_cs_client     = @@character_set_client */;
/*!50503 SET character_set_client = utf8mb4 */;
CREATE TABLE `users` (
  `UserId` int NOT NULL AUTO_INCREMENT,
  `Username` varchar(255) NOT NULL,
  `Email` varchar(255) NOT NULL,
  `Password` varchar(255) NOT NULL,
  `Avatar` varchar(255) DEFAULT NULL,
  `Status` enum('active','blocked') NOT NULL DEFAULT 'active',
  `RoleId` int NOT NULL,
  `Otp` varchar(10) DEFAULT NULL,
  `OtpExpiresAt` timestamp NULL DEFAULT NULL,
  `UpdateAt` timestamp NULL DEFAULT CURRENT_TIMESTAMP ON UPDATE CURRENT_TIMESTAMP,
  PRIMARY KEY (`UserId`),
  UNIQUE KEY `Email` (`Email`),
  KEY `RoleId_idx` (`RoleId`),
  CONSTRAINT `RoleId` FOREIGN KEY (`RoleId`) REFERENCES `roles` (`RoleId`)
) ENGINE=InnoDB AUTO_INCREMENT=31 DEFAULT CHARSET=utf8mb4 COLLATE=utf8mb4_0900_ai_ci;
/*!40101 SET character_set_client = @saved_cs_client */;

--
-- Dumping data for table `users`
--

LOCK TABLES `users` WRITE;
/*!40000 ALTER TABLE `users` DISABLE KEYS */;
INSERT INTO `users` VALUES (1,'user952192','tester@gmail.com','$2b$10$SdBCuiXUSfs4e8r2ldRKJ.8xSqK7PTbRMVy9TuAgwiHdTrZeuO0KG',NULL,'blocked',2,NULL,NULL,'2024-12-18 12:42:09'),(2,'user447986','tester2@gmail.com','$2b$10$I2Jbx3T1PUJqBi5ogCHooemNpPjAGENbyTWcL5GbulRM4QQF5wdVK',NULL,'active',2,NULL,NULL,'2024-11-16 03:36:22'),(9,'user870035','tester3@gmail.com','$2b$10$pSGouN9yGXlMox9lkAEpJuBr2INm55VhaQRCfJ8lMXxfFhN7oHL.2',NULL,'active',2,NULL,NULL,'2024-12-09 09:05:57'),(11,'user60542','tester4@gmail.com','$2b$10$kToKnPtKIFU4qfD5m6cwD.uAt/vaheXKvi3.9H6w3qd03a7VOCZ4i',NULL,'active',2,NULL,NULL,'2024-11-16 03:36:19'),(12,'admin','admin@gmail.com','$2b$10$KaryPDIeFq.T2xHI1Upnxen3ZV6J4b11.F.ob45xXpDJm5kqTm4VO','https://storage.googleapis.com/storage-manga-cloud.appspot.com/user_avatar/c8b84852b3be0a878d808ceeb885a65e','active',1,NULL,NULL,'2024-12-09 08:06:37'),(15,'user1422825','tester5@gmail.com','$2b$10$IypvdznPNnK/.R4NLy1LdeLfJGzM0UpDKASlu6FzPEnP1aYIVUAd.','https://storage.googleapis.com/storage-manga-cloud.appspot.com/user_avatar/dc5b3ddf9c026c17e6a1f09cad35cbb2','active',2,'390606','2024-11-05 03:34:10','2024-12-22 12:55:41'),(16,'user691511','tester6@gmail.com','$2b$10$Xb5Z9DKwZ79ZaI4H87q.Z.9EVTeJTyqrAu30UdgmcytGkfzu1m/Am',NULL,'active',2,NULL,NULL,'2024-11-16 02:16:02'),(17,'user80711','kiritokun992002@gmail.com','$2b$10$pT6fD1xGzHwoF.5EmiaysO8DD4emv18/BlyD10053A/N/P6MvCA16',NULL,'active',2,'376351','2024-12-22 13:01:09','2024-12-22 12:51:24'),(19,'user218981','admin1@gmail.com','$2b$10$FH9jC5KFHw7MkS6ebMqZe.TYcy7z03sCl5A.6Sg3WyGJQVkn0BoY.',NULL,'active',1,NULL,NULL,'2024-11-16 04:44:41'),(25,'user898032','tester10@gmail.com','$2b$10$Q5pH.5evMwK/Ou8s/AITie4Hy4f/cpNcvVimUiy627wI0tE.NvaN2',NULL,'active',2,NULL,NULL,'2024-12-01 01:02:31'),(26,'user6629101','tester11@gmail.com','$2b$10$Io6IZ8EjVYBzbbfpscLdUuq/9azlDNJ0agoBKq1jXRWGfyYJYxW82','https://storage.googleapis.com/storage-manga-cloud.appspot.com/user_avatar/001ddab7e8e3a7a770b590dc0aaf239e','active',2,NULL,NULL,'2024-12-08 16:49:38'),(28,'user8155567','tester20@gmail.com','$2b$10$V.Fd4mf1AKWTMyXSjqfB3.vb1owgleBIH0UMITY.3sWLnyXK3gE0O','https://storage.googleapis.com/storage-manga-cloud.appspot.com/user_avatar/b0b5b6e65ce9cce054f46abac6137f04','active',2,NULL,NULL,'2024-12-18 14:19:31'),(29,'user727316','tester40@gmail.com','$2b$10$.4GCi/a22I1/TmiidZynW.L3LuvnblvZZ7WUgCOHhaYQwPYTYSPkW',NULL,'active',2,NULL,NULL,'2024-12-22 02:07:37');
/*!40000 ALTER TABLE `users` ENABLE KEYS */;
UNLOCK TABLES;
/*!40103 SET TIME_ZONE=@OLD_TIME_ZONE */;

/*!40101 SET SQL_MODE=@OLD_SQL_MODE */;
/*!40014 SET FOREIGN_KEY_CHECKS=@OLD_FOREIGN_KEY_CHECKS */;
/*!40014 SET UNIQUE_CHECKS=@OLD_UNIQUE_CHECKS */;
/*!40101 SET CHARACTER_SET_CLIENT=@OLD_CHARACTER_SET_CLIENT */;
/*!40101 SET CHARACTER_SET_RESULTS=@OLD_CHARACTER_SET_RESULTS */;
/*!40101 SET COLLATION_CONNECTION=@OLD_COLLATION_CONNECTION */;
/*!40111 SET SQL_NOTES=@OLD_SQL_NOTES */;

-- Dump completed on 2024-12-22 20:12:23
